カテゴリー名,大分類,中分類,小分類,商品数,作成日時
日用品>仏具・神具>ご祝儀袋・不祝儀袋,日用品,仏具・神具,ご祝儀袋・不祝儀袋,1,2025-12-29T21:03:37.659366
日用品>仏具・神具>ろうそく・線香,日用品,仏具・神具,ろうそく・線香,7,2025-12-29T20:59:20.50644
日用品>園芸用品>肥料・活力剤,日用品,園芸用品,肥料・活力剤,1,2025-12-29T21:00:42.858008
日用品>家電・AV周辺機器>電池,日用品,家電・AV周辺機器,電池,4,2025-12-29T21:05:24.261017
日用品>家電・AV周辺機器>電池・充電器,日用品,家電・AV周辺機器,電池・充電器,1,2025-12-29T21:05:30.008169
日用品>家電・AV周辺機器>電源タップ・延長コード,日用品,家電・AV周辺機器,電源タップ・延長コード,1,2025-12-29T21:05:22.033434
日用品>掃除用品>エアコンクリーナー,日用品,掃除用品,エアコンクリーナー,1,2025-12-29T21:02:13.35998
日用品>掃除用品>キッチンペーパー・ふきん,日用品,掃除用品,キッチンペーパー・ふきん,1,2025-12-29T21:01:45.835606
日用品>掃除用品>キッチン用クリーナー,日用品,掃除用品,キッチン用クリーナー,3,2025-12-29T20:54:31.53589
日用品>掃除用品>スポンジ・ブラシ,日用品,掃除用品,スポンジ・ブラシ,1,2025-12-29T21:00:28.540516
日用品>掃除用品>トイレ掃除用品,日用品,掃除用品,トイレ掃除用品,1,2025-12-29T21:01:48.073063
日用品>掃除用品>トイレ用クリーナー,日用品,掃除用品,トイレ用クリーナー,4,2025-12-29T20:57:29.892205
日用品>掃除用品>トイレ用洗剤,日用品,掃除用品,トイレ用洗剤,2,2025-12-29T21:05:41.942585
日用品>掃除用品>トイレ用洗剤・クリーナー,日用品,掃除用品,トイレ用洗剤・クリーナー,1,2025-12-29T21:02:50.370212
日用品>掃除用品>ハンガー,日用品,掃除用品,ハンガー,1,2025-12-29T20:58:43.423851
日用品>掃除用品>ハンディモップ,日用品,掃除用品,ハンディモップ,2,2025-12-29T20:54:37.6648
日用品>掃除用品>バス・トイレ掃除用品,日用品,掃除用品,バス・トイレ掃除用品,1,2025-12-29T21:03:49.835315
日用品>掃除用品>バス・浴室掃除用品,日用品,掃除用品,バス・浴室掃除用品,1,2025-12-29T21:01:13.668696
日用品>掃除用品>バス用品,日用品,掃除用品,バス用品,1,2025-12-29T21:01:34.710824
日用品>掃除用品>フローリング用クリーナー,日用品,掃除用品,フローリング用クリーナー,9,2025-12-29T20:54:43.248574
日用品>掃除用品>ブラシ・たわし,日用品,掃除用品,ブラシ・たわし,1,2025-12-29T21:01:37.601611
日用品>掃除用品>住居用洗剤,日用品,掃除用品,住居用洗剤,5,2025-12-29T20:56:22.224472
日用品>掃除用品>害虫駆除剤,日用品,掃除用品,害虫駆除剤,2,2025-12-29T21:02:05.511184
日用品>掃除用品>殺虫剤,日用品,掃除用品,殺虫剤,2,2025-12-29T21:01:55.779413
日用品>掃除用品>殺虫剤・忌避剤,日用品,掃除用品,殺虫剤・忌避剤,1,2025-12-29T21:02:11.227133
日用品>掃除用品>洗剤,日用品,掃除用品,洗剤,1,2025-12-30T01:11:29.890506
日用品>掃除用品>洗剤・柔軟剤・クリーナー,日用品,掃除用品,洗剤・柔軟剤・クリーナー,1,2025-12-29T21:02:15.402533
日用品>掃除用品>洗濯洗剤・柔軟剤,日用品,掃除用品,洗濯洗剤・柔軟剤,1,2025-12-29T21:03:52.244804
日用品>掃除用品>浴室用クリーナー,日用品,掃除用品,浴室用クリーナー,1,2025-12-29T20:59:57.597513
日用品>掃除用品>消臭・芳香剤,日用品,掃除用品,消臭・芳香剤,2,2025-12-29T21:01:50.051558
日用品>掃除用品>消臭剤・芳香剤,日用品,掃除用品,消臭剤・芳香剤,1,2025-12-29T21:05:13.653517
日用品>掃除用品>粘着クリーナー,日用品,掃除用品,粘着クリーナー,3,2025-12-29T20:54:09.983149
日用品>掃除用品>芳香剤・消臭剤,日用品,掃除用品,芳香剤・消臭剤,1,2025-12-29T21:02:01.838809
日用品>掃除用品>防虫剤・芳香剤,日用品,掃除用品,防虫剤・芳香剤,2,2025-12-29T20:56:59.52703
日用品>掃除用品>除湿剤・乾燥剤,日用品,掃除用品,除湿剤・乾燥剤,1,2025-12-29T20:54:22.56328
日用品>掃除用品>雑巾,日用品,掃除用品,雑巾,1,2025-12-29T20:58:09.430978
日用品>掃除用品>雑巾・クロス,日用品,掃除用品,雑巾・クロス,1,2025-12-29T21:03:54.260144
日用品>接着剤・補修用品>テープ,日用品,接着剤・補修用品,テープ,2,2025-12-29T21:03:47.561032
日用品>接着剤・補修用品>両面テープ,日用品,接着剤・補修用品,両面テープ,1,2025-12-29T21:05:45.837352
日用品>接着剤・補修用品>接着剤,日用品,接着剤・補修用品,接着剤,1,2025-12-29T21:02:54.080204
日用品>接着剤・補修用品>瞬間接着剤,日用品,接着剤・補修用品,瞬間接着剤,1,2025-12-29T21:02:52.080433
日用品>接着剤・補修用品>配線・ケーブル関連,日用品,接着剤・補修用品,配線・ケーブル関連,1,2025-12-29T21:04:33.298977
日用品>文房具>のり・接着剤,日用品,文房具,のり・接着剤,3,2025-12-29T21:00:32.866752
日用品>文房具>はさみ,日用品,文房具,はさみ,1,2025-12-29T21:02:48.332096
日用品>文房具>はさみ・カッター,日用品,文房具,はさみ・カッター,1,2025-12-29T21:00:20.500685
日用品>文房具>クリップ・ゼムクリップ,日用品,文房具,クリップ・ゼムクリップ,1,2025-12-29T21:03:31.450095
日用品>文房具>テープ・のり,日用品,文房具,テープ・のり,3,2025-12-29T20:58:24.730565
日用品>文房具>ノート,日用品,文房具,ノート,3,2025-12-29T21:00:30.837286
日用品>文房具>ノート・メモ,日用品,文房具,ノート・メモ,2,2025-12-29T21:00:16.571063
日用品>文房具>ノート・メモ帳,日用品,文房具,ノート・メモ帳,1,2025-12-29T21:02:40.889786
日用品>文房具>ノート・紙製品,日用品,文房具,ノート・紙製品,1,2025-12-29T21:02:46.366802
日用品>文房具>マーカー・サインペン,日用品,文房具,マーカー・サインペン,1,2025-12-29T20:59:00.323383
日用品>文房具>事務用品,日用品,文房具,事務用品,3,2025-12-29T21:00:39.023171
日用品>文房具>付箋,日用品,文房具,付箋,2,2025-12-29T21:01:41.829575
日用品>文房具>修正テープ,日用品,文房具,修正テープ,1,2025-12-29T21:00:14.627123
日用品>文房具>印鑑・スタンプ,日用品,文房具,印鑑・スタンプ,1,2025-12-29T21:05:15.488418
日用品>文房具>定規・コンパス,日用品,文房具,定規・コンパス,1,2025-12-29T21:02:29.360147
日用品>文房具>定規・メジャー,日用品,文房具,定規・メジャー,1,2025-12-29T21:02:33.02278
日用品>文房具>封筒,日用品,文房具,封筒,2,2025-12-29T21:00:05.126147
日用品>文房具>封筒・便箋,日用品,文房具,封筒・便箋,1,2025-12-29T21:03:43.667754
日用品>文房具>接着剤・テープ,日用品,文房具,接着剤・テープ,1,2025-12-29T20:59:44.982331
日用品>文房具>画鋲・ピン,日用品,文房具,画鋲・ピン,1,2025-12-29T21:03:27.794185
日用品>文房具>祝儀袋・ポチ袋,日用品,文房具,祝儀袋・ポチ袋,2,2025-12-29T21:03:33.60096
日用品>文房具>筆記具,日用品,文房具,筆記具,14,2025-12-29T20:59:48.875497
日用品>文房具>筆記具・インク,日用品,文房具,筆記具・インク,3,2025-12-29T21:00:34.445877
日用品>文房具>筆記具・ペン,日用品,文房具,筆記具・ペン,1,2025-12-29T21:00:07.257031
日用品>文房具>筆記具・修正用品,日用品,文房具,筆記具・修正用品,1,2025-12-29T21:03:21.562001
日用品>文房具>筆記用具,日用品,文房具,筆記用具,1,2025-12-29T21:02:35.114082
日用品>文房具>筆記用具・消しゴム,日用品,文房具,筆記用具・消しゴム,1,2025-12-29T21:00:40.651745
日用品>文房具>電卓・周辺機器,日用品,文房具,電卓・周辺機器,1,2025-12-29T21:03:06.09349
日用品>洗剤・柔軟剤・クリーナー>アイロン用洗剤,日用品,洗剤・柔軟剤・クリーナー,アイロン用洗剤,1,2025-12-29T20:59:50.782724
日用品>洗剤・柔軟剤・クリーナー>キッチン用クリーナー,日用品,洗剤・柔軟剤・クリーナー,キッチン用クリーナー,1,2025-12-29T20:59:26.839141
日用品>洗剤・柔軟剤・クリーナー>トイレ用クリーナー,日用品,洗剤・柔軟剤・クリーナー,トイレ用クリーナー,3,2025-12-29T20:58:30.735101
日用品>洗剤・柔軟剤・クリーナー>トイレ用洗剤・クリーナー,日用品,洗剤・柔軟剤・クリーナー,トイレ用洗剤・クリーナー,24,2025-12-29T20:53:18.138252
日用品>洗剤・柔軟剤・クリーナー>パイプクリーナー,日用品,洗剤・柔軟剤・クリーナー,パイプクリーナー,2,2025-12-29T20:56:14.84761
日用品>洗剤・柔軟剤・クリーナー>フローリング用クリーナー,日用品,洗剤・柔軟剤・クリーナー,フローリング用クリーナー,5,2025-12-29T20:53:29.069286
日用品>洗剤・柔軟剤・クリーナー>住居用洗剤,日用品,洗剤・柔軟剤・クリーナー,住居用洗剤,5,2025-12-29T20:56:51.510685
日用品>洗剤・柔軟剤・クリーナー>多目的クリーナー,日用品,洗剤・柔軟剤・クリーナー,多目的クリーナー,3,2025-12-29T20:55:16.700672
日用品>洗剤・柔軟剤・クリーナー>柔軟剤,日用品,洗剤・柔軟剤・クリーナー,柔軟剤,17,2025-12-29T20:54:07.821111
日用品>洗剤・柔軟剤・クリーナー>柔軟剤・消臭剤,日用品,洗剤・柔軟剤・クリーナー,柔軟剤・消臭剤,1,2025-12-29T21:00:58.964043
日用品>洗剤・柔軟剤・クリーナー>殺虫剤,日用品,洗剤・柔軟剤・クリーナー,殺虫剤,1,2025-12-29T21:02:07.674685
日用品>洗剤・柔軟剤・クリーナー>洗濯槽クリーナー,日用品,洗剤・柔軟剤・クリーナー,洗濯槽クリーナー,1,2025-12-29T20:57:49.358358
日用品>洗剤・柔軟剤・クリーナー>洗濯洗剤,日用品,洗剤・柔軟剤・クリーナー,洗濯洗剤,33,2025-12-29T20:53:05.695187
日用品>洗剤・柔軟剤・クリーナー>洗濯用洗剤,日用品,洗剤・柔軟剤・クリーナー,洗濯用洗剤,12,2025-12-29T20:56:20.279699
日用品>洗剤・柔軟剤・クリーナー>洗濯用漂白剤,日用品,洗剤・柔軟剤・クリーナー,洗濯用漂白剤,1,2025-12-29T20:55:44.126495
日用品>洗剤・柔軟剤・クリーナー>浴室用洗剤,日用品,洗剤・柔軟剤・クリーナー,浴室用洗剤,5,2025-12-29T20:55:52.491289
日用品>洗剤・柔軟剤・クリーナー>浴室用洗剤・クリーナー,日用品,洗剤・柔軟剤・クリーナー,浴室用洗剤・クリーナー,13,2025-12-29T20:53:45.610985
日用品>洗剤・柔軟剤・クリーナー>消臭・芳香剤,日用品,洗剤・柔軟剤・クリーナー,消臭・芳香剤,1,2025-12-29T20:55:50.466127
日用品>洗剤・柔軟剤・クリーナー>消臭剤・芳香剤,日用品,洗剤・柔軟剤・クリーナー,消臭剤・芳香剤,1,2025-12-29T21:01:59.577895
日用品>洗剤・柔軟剤・クリーナー>漂白剤,日用品,洗剤・柔軟剤・クリーナー,漂白剤,2,2025-12-29T20:54:20.427162
日用品>洗剤・柔軟剤・クリーナー>芳香・消臭剤,日用品,洗剤・柔軟剤・クリーナー,芳香・消臭剤,1,2025-12-29T21:00:01.49412
日用品>洗剤・柔軟剤・クリーナー>芳香剤・消臭剤,日用品,洗剤・柔軟剤・クリーナー,芳香剤・消臭剤,1,2025-12-29T21:01:54.198581
日用品>洗剤・柔軟剤・クリーナー>衣料用柔軟剤,日用品,洗剤・柔軟剤・クリーナー,衣料用柔軟剤,1,2025-12-29T20:57:55.317553
日用品>洗剤・柔軟剤・クリーナー>衣料用洗剤,日用品,洗剤・柔軟剤・クリーナー,衣料用洗剤,4,2025-12-29T20:56:30.107016
日用品>洗剤・柔軟剤・クリーナー>衣料用漂白剤,日用品,洗剤・柔軟剤・クリーナー,衣料用漂白剤,3,2025-12-29T20:56:32.276758
日用品>洗剤・柔軟剤・クリーナー>衣料用漂白剤・シミ抜き,日用品,洗剤・柔軟剤・クリーナー,衣料用漂白剤・シミ抜き,1,2025-12-29T20:59:10.195985
日用品>洗剤・柔軟剤・クリーナー>衣料用漂白剤・洗剤,日用品,洗剤・柔軟剤・クリーナー,衣料用漂白剤・洗剤,1,2025-12-29T20:59:08.505874
日用品>洗剤・柔軟剤・クリーナー>衣類用洗剤・柔軟剤,日用品,洗剤・柔軟剤・クリーナー,衣類用洗剤・柔軟剤,1,2025-12-29T20:58:07.317993
日用品>洗濯用品>柔軟剤,日用品,洗濯用品,柔軟剤,1,2025-12-29T21:05:53.44849
日用品>洗濯用品>柔軟剤・洗剤,日用品,洗濯用品,柔軟剤・洗剤,2,2025-12-29T21:05:47.700014
日用品>洗濯用品>洗濯洗剤・柔軟剤,日用品,洗濯用品,洗濯洗剤・柔軟剤,1,2025-12-29T21:05:54.948181
日用品>照明器具>LED電球,日用品,照明器具,LED電球,2,2025-12-29T21:04:43.944583
日用品>照明器具>懐中電灯,日用品,照明器具,懐中電灯,1,2025-12-29T21:04:55.954662
日用品>照明器具>蛍光灯,日用品,照明器具,蛍光灯,1,2025-12-29T21:01:19.797734
日用品>照明器具>電球,日用品,照明器具,電球,3,2025-12-29T21:00:44.848495
日用品>照明器具>電球・蛍光灯,日用品,照明器具,電球・蛍光灯,2,2025-12-29T21:00:36.569545
日用品>照明器具・ランプ>電球・蛍光灯,日用品,照明器具・ランプ,電球・蛍光灯,1,2025-12-29T21:04:26.628516
日用品>照明器具・電球>グローランプ,日用品,照明器具・電球,グローランプ,1,2025-12-29T21:04:37.217724
日用品>芳香・消臭剤>お香,日用品,芳香・消臭剤,お香,1,2025-12-29T20:57:27.931075
日用品>芳香・消臭剤>トイレ用消臭剤,日用品,芳香・消臭剤,トイレ用消臭剤,3,2025-12-29T20:57:43.070411
日用品>芳香・消臭剤>トイレ用芳香・消臭剤,日用品,芳香・消臭剤,トイレ用芳香・消臭剤,5,2025-12-29T20:57:37.35231
日用品>芳香・消臭剤>トイレ用芳香剤・消臭剤,日用品,芳香・消臭剤,トイレ用芳香剤・消臭剤,1,2025-12-29T20:57:59.687719
日用品>芳香・消臭剤>消臭スプレー,日用品,芳香・消臭剤,消臭スプレー,2,2025-12-29T20:58:18.73944
日用品>芳香・消臭剤>消臭剤・芳香剤,日用品,芳香・消臭剤,消臭剤・芳香剤,1,2025-12-29T20:58:49.528267
日用品>芳香・消臭剤>置き型消臭剤,日用品,芳香・消臭剤,置き型消臭剤,1,2025-12-29T20:59:36.515379
日用品>芳香・消臭剤>衣類・布製品用消臭・芳香剤,日用品,芳香・消臭剤,衣類・布製品用消臭・芳香剤,1,2025-12-29T20:59:18.0765
日用品>芳香・消臭剤>衣類用防虫剤,日用品,芳香・消臭剤,衣類用防虫剤,1,2025-12-29T20:59:53.010518
日用品>芳香・消臭剤>部屋用消臭剤,日用品,芳香・消臭剤,部屋用消臭剤,1,2025-12-29T21:00:12.966682
日用品>芳香・消臭剤>部屋用芳香剤・消臭剤,日用品,芳香・消臭剤,部屋用芳香剤・消臭剤,1,2025-12-29T20:59:40.971263
日用品>衣料品>インナー・レッグウェア,日用品,衣料品,インナー・レッグウェア,1,2025-12-29T21:05:17.81146
日用品>衣料品>レッグウェア,日用品,衣料品,レッグウェア,1,2025-12-29T21:05:07.23323
日用品>衣料品>靴下,日用品,衣料品,靴下,8,2025-12-29T21:01:09.26742
日用品>衣料品>靴下・タイツ,日用品,衣料品,靴下・タイツ,1,2025-12-29T21:01:11.430366
日用品>衣料品・インナー>ストッキング・タイツ,日用品,衣料品・インナー,ストッキング・タイツ,7,2025-12-29T21:00:54.973422
日用品>衣料品・インナー>レッグウェア,日用品,衣料品・インナー,レッグウェア,1,2025-12-29T21:05:11.642424
日用品>衣料品・ファッション小物>ストッキング・タイツ,日用品,衣料品・ファッション小物,ストッキング・タイツ,1,2025-12-29T21:05:09.256357
日用品>衣料品・下着>靴下・タイツ・ストッキング,日用品,衣料品・下着,靴下・タイツ・ストッキング,1,2025-12-29T21:04:58.73844
日用品>衣料品・繊維製品>靴下,日用品,衣料品・繊維製品,靴下,1,2025-12-29T21:04:14.860968
日用品>衣料品・衣料小物>靴下,日用品,衣料品・衣料小物,靴下,3,2025-12-29T21:04:16.80336
日用品>衣料品・雑貨>インナー・レッグウェア,日用品,衣料品・雑貨,インナー・レッグウェア,1,2025-12-29T21:05:05.072675
日用品>衣料品・雑貨>靴下,日用品,衣料品・雑貨,靴下,1,2025-12-29T21:04:22.380128
日用品>衣料品・雑貨>靴下・インナー,日用品,衣料品・雑貨,靴下・インナー,1,2025-12-29T21:04:04.552924
日用品>衣料品・靴>靴下,日用品,衣料品・靴,靴下,1,2025-12-29T21:04:12.793678
日用品>衣料品・靴>靴下・タイツ,日用品,衣料品・靴,靴下・タイツ,1,2025-12-29T21:05:02.69267
日用品>衣料用洗剤・柔軟剤・クリーナー>衣料用消臭・芳香剤,日用品,衣料用洗剤・柔軟剤・クリーナー,衣料用消臭・芳香剤,1,2025-12-29T21:03:42.030475
日用品>衣類用防虫剤・消臭剤>トイレ用消臭剤,日用品,衣類用防虫剤・消臭剤,トイレ用消臭剤,1,2025-12-29T20:57:11.598779
日用品>衣類用防虫剤・消臭剤>衣類用防虫剤,日用品,衣類用防虫剤・消臭剤,衣類用防虫剤,2,2025-12-29T20:57:05.607242
日用品>電化製品>照明器具,日用品,電化製品,照明器具,1,2025-12-29T21:04:49.978141
日用品>電化製品>電源タップ,日用品,電化製品,電源タップ,1,2025-12-29T21:04:28.655538
日用品>電気・照明器具>配線器具,日用品,電気・照明器具,配線器具,1,2025-12-29T21:04:24.513861
日用品>電気・照明器具>電源タップ・延長コード,日用品,電気・照明器具,電源タップ・延長コード,1,2025-12-29T21:04:30.912894
日用品>電池>アルカリ乾電池,日用品,電池,アルカリ乾電池,2,2025-12-29T20:59:32.895411
日用品>電池>コイン形電池,日用品,電池,コイン形電池,1,2025-12-29T21:03:29.839061
日用品>電池>ボタン電池,日用品,電池,ボタン電池,1,2025-12-29T20:59:55.230564
日用品>電池>乾電池,日用品,電池,乾電池,2,2025-12-29T20:58:53.543167
日用品>電池・充電器>コイン型リチウム電池,日用品,電池・充電器,コイン型リチウム電池,1,2025-12-29T21:03:23.29069
日用品>電池・充電器>コイン形リチウム電池,日用品,電池・充電器,コイン形リチウム電池,1,2025-12-29T21:05:19.613375
日用品>電池・充電器>ボタン電池,日用品,電池・充電器,ボタン電池,1,2025-12-29T21:03:11.685014
日用品>電池・充電器>リチウム電池,日用品,電池・充電器,リチウム電池,1,2025-12-29T21:00:26.80957
日用品>電池・充電器>乾電池,日用品,電池・充電器,乾電池,9,2025-12-29T20:58:37.146739
日用品>電池・充電池>LED電球,日用品,電池・充電池,LED電球,1,2025-12-29T20:58:01.864576
日用品>電池・充電池>アルカリ乾電池,日用品,電池・充電池,アルカリ乾電池,4,2025-12-29T20:56:47.924525
日用品>電池・充電池>ボタン電池,日用品,電池・充電池,ボタン電池,1,2025-12-29T21:00:57.123144
日用品>電池・充電池>乾電池,日用品,電池・充電池,乾電池,5,2025-12-29T20:56:38.321977
日用品>電球・照明器具>電球,日用品,電球・照明器具,電球,1,2025-12-29T21:04:35.198082
日用品>電球・蛍光灯>白熱電球,日用品,電球・蛍光灯,白熱電球,2,2025-12-29T21:04:39.71828
日用品>電球・蛍光灯>蛍光灯,日用品,電球・蛍光灯,蛍光灯,2,2025-12-29T21:01:21.657908
日用品>電球・蛍光灯>電球,日用品,電球・蛍光灯,電球,1,2025-12-29T20:58:58.421679
食料品>こんにゃく・しらたき>こんにゃく,食料品,こんにゃく・しらたき,こんにゃく,7,2025-12-29T20:54:01.55286
食料品>こんにゃく・しらたき>糸こんにゃく,食料品,こんにゃく・しらたき,糸こんにゃく,2,2025-12-29T20:53:24.973696
食料品>ごはんのお供>ごはんのお供,食料品,ごはんのお供,ごはんのお供,3,2025-12-29T22:14:37.726692
食料品>ごはんのお供>その他,食料品,ごはんのお供,その他,1,2025-12-29T22:24:50.492341
食料品>ごはんのお供>チーズ,食料品,ごはんのお供,チーズ,1,2025-12-30T01:58:21.701412
食料品>ごはんのお供>漬物・佃煮,食料品,ごはんのお供,漬物・佃煮,7,2025-12-29T22:14:39.364979
食料品>ごはんのお供>魚介加工品,食料品,ごはんのお供,魚介加工品,1,2025-12-29T22:15:05.284849
食料品>その他加工食品>おつまみ,食料品,その他加工食品,おつまみ,1,2025-12-29T22:37:37.437689
食料品>その他加工食品>ごはんのお供,食料品,その他加工食品,ごはんのお供,3,2025-12-29T22:14:29.540076
食料品>その他加工食品>その他,食料品,その他加工食品,その他,25,2025-12-29T22:25:36.950855
食料品>その他加工食品>その他加工食品,食料品,その他加工食品,その他加工食品,130,2025-12-29T21:06:55.728593
食料品>その他加工食品>つみれ,食料品,その他加工食品,つみれ,5,2025-12-29T21:07:00.168103
食料品>その他加工食品>オリーブ,食料品,その他加工食品,オリーブ,1,2025-12-29T22:10:07.482737
食料品>その他加工食品>キムチ,食料品,その他加工食品,キムチ,40,2025-12-29T20:59:55.387824
食料品>その他加工食品>ココナッツミルク,食料品,その他加工食品,ココナッツミルク,1,2025-12-29T21:57:15.593643
食料品>その他加工食品>サラミ・ソーセージ,食料品,その他加工食品,サラミ・ソーセージ,1,2025-12-29T22:40:16.059245
食料品>その他加工食品>シリアル・グラノーラ,食料品,その他加工食品,シリアル・グラノーラ,2,2025-12-29T22:42:37.971688
食料品>その他加工食品>ジャム・スプレッド,食料品,その他加工食品,ジャム・スプレッド,1,2025-12-30T02:01:36.692826
食料品>その他加工食品>スナック・おつまみ,食料品,その他加工食品,スナック・おつまみ,1,2025-12-29T22:37:41.168687
食料品>その他加工食品>スパイス・香辛料,食料品,その他加工食品,スパイス・香辛料,19,2025-12-29T21:16:51.994672
食料品>その他加工食品>スープ,食料品,その他加工食品,スープ,7,2025-12-29T21:06:03.497579
食料品>その他加工食品>スープ・みそ汁,食料品,その他加工食品,スープ・みそ汁,1,2025-12-29T22:07:26.282532
食料品>その他加工食品>スープ・雑炊,食料品,その他加工食品,スープ・雑炊,1,2025-12-29T22:07:47.528924
食料品>その他加工食品>ソース,食料品,その他加工食品,ソース,1,2025-12-30T02:01:30.566785
食料品>その他加工食品>ソーセージ・ウインナー,食料品,その他加工食品,ソーセージ・ウインナー,1,2025-12-29T22:40:01.271903
食料品>その他加工食品>ソーセージ・ハム,食料品,その他加工食品,ソーセージ・ハム,3,2025-12-29T22:26:39.103491
食料品>その他加工食品>チーズ,食料品,その他加工食品,チーズ,7,2025-12-29T22:25:08.219159
食料品>その他加工食品>デザート,食料品,その他加工食品,デザート,3,2025-12-29T22:40:58.746191
食料品>その他加工食品>デザート・スイーツ,食料品,その他加工食品,デザート・スイーツ,2,2025-12-30T01:06:05.878225
食料品>その他加工食品>トッポギ,食料品,その他加工食品,トッポギ,3,2025-12-29T21:13:59.827904
食料品>その他加工食品>ハム・ソーセージ,食料品,その他加工食品,ハム・ソーセージ,8,2025-12-29T21:04:13.990807
食料品>その他加工食品>ハンバーグ,食料品,その他加工食品,ハンバーグ,2,2025-12-29T22:49:42.075039
食料品>その他加工食品>パスタ,食料品,その他加工食品,パスタ,2,2025-12-29T21:06:30.868737
食料品>その他加工食品>パン・シリアル,食料品,その他加工食品,パン・シリアル,0,2025-12-29T21:04:17.96985
食料品>その他加工食品>ピクルス,食料品,その他加工食品,ピクルス,1,2025-12-29T21:14:20.855693
食料品>その他加工食品>ピザ,食料品,その他加工食品,ピザ,12,2025-12-29T20:57:03.629326
食料品>その他加工食品>ピザ・グラタン,食料品,その他加工食品,ピザ・グラタン,1,2025-12-29T21:10:28.288604
食料品>その他加工食品>フルーツ缶詰,食料品,その他加工食品,フルーツ缶詰,3,2025-12-29T21:07:12.665615
食料品>その他加工食品>プロテイン,食料品,その他加工食品,プロテイン,3,2025-12-29T22:42:02.925178
食料品>その他加工食品>メンマ,食料品,その他加工食品,メンマ,3,2025-12-29T21:11:04.163314
食料品>その他加工食品>中華調味料,食料品,その他加工食品,中華調味料,1,2025-12-29T22:00:04.232392
食料品>その他加工食品>乾物・乾燥野菜,食料品,その他加工食品,乾物・乾燥野菜,0,2025-12-29T20:57:25.194406
食料品>その他加工食品>佃煮・惣菜,食料品,その他加工食品,佃煮・惣菜,0,2025-12-29T20:56:25.950646
食料品>その他加工食品>佃煮・煮豆,食料品,その他加工食品,佃煮・煮豆,1,2025-12-29T21:09:26.602068
食料品>その他加工食品>健康食品,食料品,その他加工食品,健康食品,2,2025-12-29T21:59:51.599428
食料品>その他加工食品>冷凍食品,食料品,その他加工食品,冷凍食品,3,2025-12-29T21:16:32.046186
食料品>その他加工食品>卵加工品,食料品,その他加工食品,卵加工品,1,2025-12-30T01:57:55.509107
食料品>その他加工食品>合わせ調味料,食料品,その他加工食品,合わせ調味料,2,2025-12-29T21:57:34.301772
食料品>その他加工食品>和菓子,食料品,その他加工食品,和菓子,0,2025-12-29T20:57:57.041425
食料品>その他加工食品>和風・中華・エスニック調味料,食料品,その他加工食品,和風・中華・エスニック調味料,1,2025-12-29T22:00:08.42454
食料品>その他加工食品>大豆加工品,食料品,その他加工食品,大豆加工品,2,2025-12-29T21:03:24.924469
食料品>その他加工食品>惣菜,食料品,その他加工食品,惣菜,10,2025-12-29T20:57:27.502976
食料品>その他加工食品>惣菜の素,食料品,その他加工食品,惣菜の素,1,2025-12-29T22:00:53.607287
食料品>その他加工食品>惣菜・お弁当,食料品,その他加工食品,惣菜・お弁当,1,2025-12-29T21:07:08.141451
食料品>その他加工食品>惣菜・お惣菜,食料品,その他加工食品,惣菜・お惣菜,4,2025-12-29T21:00:26.994938
食料品>その他加工食品>惣菜・ミールキット,食料品,その他加工食品,惣菜・ミールキット,1,2025-12-29T21:57:23.205694
食料品>その他加工食品>惣菜・レトルト,食料品,その他加工食品,惣菜・レトルト,1,2025-12-29T21:04:05.269898
食料品>その他加工食品>惣菜・弁当,食料品,その他加工食品,惣菜・弁当,4,2025-12-29T21:01:17.453709
食料品>その他加工食品>惣菜・惣菜の素,食料品,その他加工食品,惣菜・惣菜の素,1,2025-12-29T21:57:48.360777
食料品>その他加工食品>惣菜・調味料セット,食料品,その他加工食品,惣菜・調味料セット,1,2025-12-29T21:57:39.906121
食料品>その他加工食品>惣菜・調理済み食品,食料品,その他加工食品,惣菜・調理済み食品,5,2025-12-29T21:01:43.812772
食料品>その他加工食品>惣菜・調理済食品,食料品,その他加工食品,惣菜・調理済食品,0,2025-12-29T21:01:15.623995
食料品>その他加工食品>春巻,食料品,その他加工食品,春巻,1,2025-12-29T21:07:34.89929
食料品>その他加工食品>洋菓子,食料品,その他加工食品,洋菓子,1,2025-12-30T01:56:30.930374
食料品>その他加工食品>漬物,食料品,その他加工食品,漬物,8,2025-12-29T20:57:11.790313
食料品>その他加工食品>漬物・キムチ,食料品,その他加工食品,漬物・キムチ,0,2025-12-29T21:00:05.122203
食料品>その他加工食品>漬物・佃煮,食料品,その他加工食品,漬物・佃煮,1,2025-12-29T20:58:47.666898
食料品>その他加工食品>漬物・惣菜,食料品,その他加工食品,漬物・惣菜,3,2025-12-29T20:58:55.405479
食料品>その他加工食品>炒め物・煮物用調味料,食料品,その他加工食品,炒め物・煮物用調味料,1,2025-12-29T21:58:26.152663
食料品>その他加工食品>点心,食料品,その他加工食品,点心,1,2025-12-29T21:07:40.411169
食料品>その他加工食品>点心・飲茶,食料品,その他加工食品,点心・飲茶,1,2025-12-29T21:07:52.049292
食料品>その他加工食品>煮物・惣菜,食料品,その他加工食品,煮物・惣菜,1,2025-12-29T21:10:20.482309
食料品>その他加工食品>煮豆,食料品,その他加工食品,煮豆,1,2025-12-29T21:11:19.520118
食料品>その他加工食品>発酵調味料,食料品,その他加工食品,発酵調味料,1,2025-12-29T21:58:45.719313
食料品>その他加工食品>納豆,食料品,その他加工食品,納豆,13,2025-12-29T21:00:07.656769
食料品>その他加工食品>練り物,食料品,その他加工食品,練り物,3,2025-12-29T21:00:30.741837
食料品>その他加工食品>肉加工品,食料品,その他加工食品,肉加工品,3,2025-12-29T22:43:18.25795
食料品>その他加工食品>菓子,食料品,その他加工食品,菓子,1,2025-12-30T01:57:47.146992
食料品>その他加工食品>調味料,食料品,その他加工食品,調味料,2,2025-12-29T21:07:06.010685
食料品>その他加工食品>調味料・たれ・つゆ,食料品,その他加工食品,調味料・たれ・つゆ,1,2025-12-29T21:57:28.731063
食料品>その他加工食品>調味料・たれ・ルー,食料品,その他加工食品,調味料・たれ・ルー,1,2025-12-29T21:58:31.959968
食料品>その他加工食品>調理済み食品,食料品,その他加工食品,調理済み食品,1,2025-12-29T21:06:23.007848
食料品>その他加工食品>豆腐,食料品,その他加工食品,豆腐,1,2025-12-29T21:13:06.435116
食料品>その他加工食品>豆腐・大豆加工品,食料品,その他加工食品,豆腐・大豆加工品,4,2025-12-29T21:00:17.048517
食料品>その他加工食品>豆腐・大豆製品,食料品,その他加工食品,豆腐・大豆製品,5,2025-12-29T21:01:29.762968
食料品>その他加工食品>豆腐・惣菜,食料品,その他加工食品,豆腐・惣菜,5,2025-12-29T21:12:09.303417
食料品>その他加工食品>豆腐・油揚げ,食料品,その他加工食品,豆腐・油揚げ,0,2025-12-29T21:05:44.273575
食料品>その他加工食品>豆腐・納豆,食料品,その他加工食品,豆腐・納豆,0,2025-12-29T21:05:38.082404
食料品>その他加工食品>豆腐・納豆・こんにゃく,食料品,その他加工食品,豆腐・納豆・こんにゃく,0,2025-12-29T21:01:25.768825
食料品>その他加工食品>豆腐加工品,食料品,その他加工食品,豆腐加工品,1,2025-12-29T21:15:53.398889
食料品>その他加工食品>野菜加工品,食料品,その他加工食品,野菜加工品,1,2025-12-29T22:09:33.385606
食料品>その他加工食品>雑炊・スープ,食料品,その他加工食品,雑炊・スープ,0,2025-12-29T21:06:56.393015
食料品>その他加工食品>食肉加工品,食料品,その他加工食品,食肉加工品,2,2025-12-29T22:43:24.102187
食料品>その他加工食品>餅・団子,食料品,その他加工食品,餅・団子,1,2025-12-29T22:02:20.512513
食料品>その他加工食品>魚介乾製品,食料品,その他加工食品,魚介乾製品,1,2025-12-29T21:09:12.682575
食料品>その他加工食品>魚介加工品,食料品,その他加工食品,魚介加工品,12,2025-12-29T20:56:41.565883
食料品>その他加工食品>魚介類加工品,食料品,その他加工食品,魚介類加工品,3,2025-12-29T21:08:36.058814
食料品>その他加工食品>魚肉加工品,食料品,その他加工食品,魚肉加工品,1,2025-12-29T22:25:19.337685
食料品>その他加工食品>麺類,食料品,その他加工食品,麺類,0,2025-12-29T21:01:09.169948
食料品>その他加工食品>麻婆豆腐の素,食料品,その他加工食品,麻婆豆腐の素,1,2025-12-29T22:00:41.504953
食料品>その他飲料>その他,食料品,その他飲料,その他,12,2025-12-29T22:41:00.412052
食料品>その他飲料>その他飲料,食料品,その他飲料,その他飲料,19,2025-12-29T22:44:08.426932
食料品>その他飲料>スポーツドリンク,食料品,その他飲料,スポーツドリンク,1,2025-12-30T01:59:03.707401
食料品>その他飲料>プロテイン飲料,食料品,その他飲料,プロテイン飲料,2,2025-12-29T22:49:08.75938
食料品>その他飲料>乳酸菌飲料,食料品,その他飲料,乳酸菌飲料,6,2025-12-29T22:40:54.761355
食料品>その他飲料>乳飲料,食料品,その他飲料,乳飲料,7,2025-12-29T22:46:31.711415
食料品>その他飲料>栄養ドリンク,食料品,その他飲料,栄養ドリンク,1,2025-12-30T02:02:13.201795
食料品>その他飲料>栄養・健康飲料,食料品,その他飲料,栄養・健康飲料,1,2025-12-29T22:43:12.685583
食料品>その他飲料>植物性飲料,食料品,その他飲料,植物性飲料,1,2025-12-30T01:09:24.486808
食料品>その他飲料>機能性表示食品,食料品,その他飲料,機能性表示食品,1,2025-12-30T01:08:36.243401
食料品>その他飲料>清涼飲料水,食料品,その他飲料,清涼飲料水,2,2025-12-29T22:47:52.698957
食料品>その他飲料>牛乳,食料品,その他飲料,牛乳,1,2025-12-30T01:08:07.030187
食料品>その他飲料>甘酒,食料品,その他飲料,甘酒,1,2025-12-30T01:09:57.116818
食料品>その他飲料>豆乳,食料品,その他飲料,豆乳,20,2025-12-29T22:41:45.420652
食料品>その他飲料>豆乳・植物性飲料,食料品,その他飲料,豆乳・植物性飲料,1,2025-12-29T22:48:03.058197
食料品>その他飲料>豆乳飲料,食料品,その他飲料,豆乳飲料,5,2025-12-29T22:41:49.125951
食料品>はちみつ>その他はちみつ,食料品,はちみつ,その他はちみつ,0,2025-12-29T20:58:51.450746
食料品>はちみつ>はちみつ,食料品,はちみつ,はちみつ,28,2025-12-29T05:22:07.186183
食料品>はちみつ>オリゴ糖,食料品,はちみつ,オリゴ糖,1,2025-12-29T20:49:55.030253
食料品>はちみつ>マヌカハニー,食料品,はちみつ,マヌカハニー,1,2025-12-30T02:04:59.963677
食料品>はちみつ>梅干し・漬物,食料品,はちみつ,梅干し・漬物,1,2025-12-29T21:11:43.322866
食料品>インスタント・レトルト食品>おかゆ,食料品,インスタント・レトルト食品,おかゆ,2,2025-12-29T22:13:38.88322
食料品>インスタント・レトルト食品>その他,食料品,インスタント・レトルト食品,その他,2,2025-12-29T22:37:54.384946
食料品>インスタント・レトルト食品>その他インスタント・レトルト,食料品,インスタント・レトルト食品,その他インスタント・レトルト,3,2025-12-29T22:12:30.551415
食料品>インスタント・レトルト食品>その他インスタント・レトルト食品,食料品,インスタント・レトルト食品,その他インスタント・レトルト食品,31,2025-12-29T22:09:44.921004
食料品>インスタント・レトルト食品>その他レトルト・惣菜,食料品,インスタント・レトルト食品,その他レトルト・惣菜,1,2025-12-29T22:14:05.272945
食料品>インスタント・レトルト食品>その他加工食品,食料品,インスタント・レトルト食品,その他加工食品,25,2025-12-29T22:08:07.783681
食料品>インスタント・レトルト食品>みそ汁,食料品,インスタント・レトルト食品,みそ汁,2,2025-12-29T22:24:19.764112
食料品>インスタント・レトルト食品>インスタントスープ,食料品,インスタント・レトルト食品,インスタントスープ,4,2025-12-29T22:23:23.357848
食料品>インスタント・レトルト食品>インスタントラーメン,食料品,インスタント・レトルト食品,インスタントラーメン,40,2025-12-29T22:18:01.218618
食料品>インスタント・レトルト食品>インスタント・レトルト食品,食料品,インスタント・レトルト食品,インスタント・レトルト食品,1,2025-12-29T22:16:13.923
食料品>インスタント・レトルト食品>インスタント・レトルト麺,食料品,インスタント・レトルト食品,インスタント・レトルト麺,1,2025-12-29T22:16:10.009138
食料品>インスタント・レトルト食品>インスタント味噌汁,食料品,インスタント・レトルト食品,インスタント味噌汁,45,2025-12-29T22:23:05.769455
食料品>インスタント・レトルト食品>インスタント味噌汁・スープ,食料品,インスタント・レトルト食品,インスタント味噌汁・スープ,2,2025-12-29T22:24:42.454701
食料品>インスタント・レトルト食品>インスタント麺,食料品,インスタント・レトルト食品,インスタント麺,53,2025-12-29T22:17:59.196984
食料品>インスタント・レトルト食品>カップ麺,食料品,インスタント・レトルト食品,カップ麺,41,2025-12-29T22:18:03.453988
食料品>インスタント・レトルト食品>カップ麺・インスタント麺,食料品,インスタント・レトルト食品,カップ麺・インスタント麺,3,2025-12-29T22:20:52.617052
食料品>インスタント・レトルト食品>カップ麺・カップ惣菜,食料品,インスタント・レトルト食品,カップ麺・カップ惣菜,1,2025-12-29T22:22:00.878993
食料品>インスタント・レトルト食品>カップ麺・袋麺,食料品,インスタント・レトルト食品,カップ麺・袋麺,2,2025-12-29T22:21:02.645676
食料品>インスタント・レトルト食品>カレー,食料品,インスタント・レトルト食品,カレー,28,2025-12-29T22:10:53.59192
食料品>インスタント・レトルト食品>カレールー・スープ,食料品,インスタント・レトルト食品,カレールー・スープ,3,2025-12-29T22:11:34.765614
食料品>インスタント・レトルト食品>カレー・シチュー,食料品,インスタント・レトルト食品,カレー・シチュー,5,2025-12-29T22:11:16.473075
食料品>インスタント・レトルト食品>シチュー・スープ,食料品,インスタント・レトルト食品,シチュー・スープ,1,2025-12-29T22:12:23.296668
食料品>インスタント・レトルト食品>スープ,食料品,インスタント・レトルト食品,スープ,2,2025-12-29T22:07:55.808693
食料品>インスタント・レトルト食品>スープ・みそ汁,食料品,インスタント・レトルト食品,スープ・みそ汁,2,2025-12-29T22:07:51.567767
食料品>インスタント・レトルト食品>デザート,食料品,インスタント・レトルト食品,デザート,6,2025-12-29T22:25:55.944135
食料品>インスタント・レトルト食品>デザート・スイーツ,食料品,インスタント・レトルト食品,デザート・スイーツ,2,2025-12-29T22:25:41.393705
食料品>インスタント・レトルト食品>パスタソース,食料品,インスタント・レトルト食品,パスタソース,56,2025-12-29T22:15:07.014363
食料品>インスタント・レトルト食品>パスタ・ソース,食料品,インスタント・レトルト食品,パスタ・ソース,1,2025-12-29T22:17:36.032656
食料品>インスタント・レトルト食品>パスタ・麺類,食料品,インスタント・レトルト食品,パスタ・麺類,2,2025-12-29T22:15:28.018191
食料品>インスタント・レトルト食品>レトルト,食料品,インスタント・レトルト食品,レトルト,1,2025-12-29T22:25:04.236894
食料品>インスタント・レトルト食品>レトルトカレー,食料品,インスタント・レトルト食品,レトルトカレー,6,2025-12-29T22:11:10.361145
食料品>インスタント・レトルト食品>レトルトカレー・シチュー,食料品,インスタント・レトルト食品,レトルトカレー・シチュー,1,2025-12-29T22:11:38.724766
食料品>インスタント・レトルト食品>レトルトカレー・ソース,食料品,インスタント・レトルト食品,レトルトカレー・ソース,1,2025-12-29T22:17:51.151831
食料品>インスタント・レトルト食品>レトルトカレー・ハヤシ,食料品,インスタント・レトルト食品,レトルトカレー・ハヤシ,4,2025-12-29T22:11:14.297025
食料品>インスタント・レトルト食品>レトルトカレー・パスタソース,食料品,インスタント・レトルト食品,レトルトカレー・パスタソース,2,2025-12-29T22:15:23.705658
食料品>インスタント・レトルト食品>レトルトパスタソース,食料品,インスタント・レトルト食品,レトルトパスタソース,1,2025-12-29T22:17:11.228193
食料品>インスタント・レトルト食品>丼の素,食料品,インスタント・レトルト食品,丼の素,2,2025-12-29T22:13:52.872334
食料品>インスタント・レトルト食品>味噌汁,食料品,インスタント・レトルト食品,味噌汁,1,2025-12-29T22:24:58.305239
食料品>インスタント・レトルト食品>惣菜・おかず,食料品,インスタント・レトルト食品,惣菜・おかず,1,2025-12-29T22:09:07.904255
食料品>インスタント・レトルト食品>炊き込みご飯の素,食料品,インスタント・レトルト食品,炊き込みご飯の素,5,2025-12-29T22:13:07.849321
食料品>インスタント・レトルト食品>缶詰,食料品,インスタント・レトルト食品,缶詰,2,2025-12-29T22:07:57.733989
食料品>インスタント・レトルト食品>缶詰・瓶詰,食料品,インスタント・レトルト食品,缶詰・瓶詰,1,2025-12-29T22:10:36.978078
食料品>インスタント・レトルト食品>釜めしの素,食料品,インスタント・レトルト食品,釜めしの素,1,2025-12-29T22:12:44.378927
食料品>インスタント・レトルト食品>魚介加工品,食料品,インスタント・レトルト食品,魚介加工品,2,2025-12-29T22:09:15.936593
食料品>インスタント・レトルト食品>魚介類加工品,食料品,インスタント・レトルト食品,魚介類加工品,4,2025-12-29T22:09:51.716585
食料品>インスタント・レトルト食品>麺類,食料品,インスタント・レトルト食品,麺類,2,2025-12-29T22:21:40.051366
食料品>カレールー・スープ>その他,食料品,カレールー・スープ,その他,8,2025-12-29T21:56:54.525064
食料品>カレールー・スープ>その他カレー,食料品,カレールー・スープ,その他カレー,1,2025-12-29T22:00:59.868402
食料品>カレールー・スープ>その他カレールー・スープ,食料品,カレールー・スープ,その他カレールー・スープ,2,2025-12-29T22:00:57.760241
食料品>カレールー・スープ>その他カレー・シチュー,食料品,カレールー・スープ,その他カレー・シチュー,3,2025-12-29T21:56:48.639199
食料品>カレールー・スープ>その他スープ,食料品,カレールー・スープ,その他スープ,4,2025-12-29T21:58:36.146685
食料品>カレールー・スープ>その他ソース・ルー,食料品,カレールー・スープ,その他ソース・ルー,1,2025-12-29T22:00:12.318971
食料品>カレールー・スープ>その他加工食品,食料品,カレールー・スープ,その他加工食品,7,2025-12-29T21:57:02.231588
食料品>カレールー・スープ>その他調味料,食料品,カレールー・スープ,その他調味料,6,2025-12-29T22:00:14.530319
食料品>カレールー・スープ>その他調味料・たれ,食料品,カレールー・スープ,その他調味料・たれ,1,2025-12-29T22:00:30.790141
食料品>カレールー・スープ>その他調理用スープ,食料品,カレールー・スープ,その他調理用スープ,1,2025-12-29T22:05:20.549321
食料品>カレールー・スープ>カレー,食料品,カレールー・スープ,カレー,1,2025-12-29T21:57:11.871671
食料品>カレールー・スープ>カレールー,食料品,カレールー・スープ,カレールー,29,2025-12-29T21:55:00.514245
食料品>カレールー・スープ>カレー類,食料品,カレールー・スープ,カレー類,17,2025-12-29T21:55:18.10144
食料品>カレールー・スープ>コンソメ,食料品,カレールー・スープ,コンソメ,4,2025-12-29T22:06:33.685536
食料品>カレールー・スープ>コンソメ・ブイヨン,食料品,カレールー・スープ,コンソメ・ブイヨン,1,2025-12-29T22:07:11.391326
食料品>カレールー・スープ>シチュー,食料品,カレールー・スープ,シチュー,1,2025-12-29T21:56:37.286478
食料品>カレールー・スープ>シチュールー,食料品,カレールー・スープ,シチュールー,8,2025-12-29T21:56:29.506149
食料品>カレールー・スープ>シチュー・クリーム,食料品,カレールー・スープ,シチュー・クリーム,1,2025-12-29T21:56:44.855862
食料品>カレールー・スープ>シチュー・クリームシチュー,食料品,カレールー・スープ,シチュー・クリームシチュー,1,2025-12-29T21:56:22.084009
食料品>カレールー・スープ>スパイス・香辛料,食料品,カレールー・スープ,スパイス・香辛料,1,2025-12-29T21:57:04.076426
食料品>カレールー・スープ>スープ,食料品,カレールー・スープ,スープ,62,2025-12-29T21:20:07.969462
食料品>カレールー・スープ>スープの素,食料品,カレールー・スープ,スープの素,8,2025-12-29T22:01:59.889726
食料品>カレールー・スープ>スープ・雑炊,食料品,カレールー・スープ,スープ・雑炊,1,2025-12-29T22:06:11.145744
食料品>カレールー・スープ>ハヤシライスソース,食料品,カレールー・スープ,ハヤシライスソース,1,2025-12-29T21:56:50.860779
食料品>カレールー・スープ>中華調味料,食料品,カレールー・スープ,中華調味料,3,2025-12-29T22:00:22.632713
食料品>カレールー・スープ>鍋つゆ,食料品,カレールー・スープ,鍋つゆ,18,2025-12-29T22:03:19.038978
食料品>カレールー・スープ>鍋つゆ・スープ,食料品,カレールー・スープ,鍋つゆ・スープ,1,2025-12-29T22:04:19.021119
食料品>カレールー・スープ>鍋の素,食料品,カレールー・スープ,鍋の素,4,2025-12-29T22:03:37.139953
食料品>カレールー・スープ>鍋スープ,食料品,カレールー・スープ,鍋スープ,2,2025-12-29T22:03:26.476218
食料品>カレールー・スープ>鍋スープ・だし,食料品,カレールー・スープ,鍋スープ・だし,1,2025-12-29T22:04:13.223779
食料品>カレー類>その他カレー,食料品,カレー類,その他カレー,3,2025-12-29T21:03:07.658778
食料品>カレー類>その他カレー・シチュー,食料品,カレー類,その他カレー・シチュー,3,2025-12-29T21:17:05.125891
食料品>カレー類>カレー,食料品,カレー類,カレー,58,2025-12-29T05:22:13.576256
食料品>カレー類>カレー>カレー商品,食料品,カレー類,カレー>カレー商品,4,2025-12-29T20:48:25.83962
食料品>カレー類>カレールウ,食料品,カレー類,カレールウ,2,2025-12-29T21:06:41.609387
食料品>カレー類>カレー商品,食料品,カレー類,カレー商品,19,2025-12-29T05:22:13.742938
食料品>カレー類>シチュー,食料品,カレー類,シチュー,4,2025-12-29T21:03:48.858922
食料品>カレー類>シチュー・グラタン,食料品,カレー類,シチュー・グラタン,0,2025-12-29T21:03:55.078352
食料品>カレー類>シチュー・ハヤシライス,食料品,カレー類,シチュー・ハヤシライス,0,2025-12-29T21:03:46.72095
食料品>カレー類>ハッシュドビーフ,食料品,カレー類,ハッシュドビーフ,1,2025-12-29T21:57:13.666903
食料品>カレー類>ビーフカレー,食料品,カレー類,ビーフカレー,1,2025-12-29T21:06:54.209562
食料品>カレー類>レトルトカレー,食料品,カレー類,レトルトカレー,1,2025-12-29T21:02:54.913506
食料品>カレー類>レトルト食品,食料品,カレー類,レトルト食品,11,2025-12-29T05:22:13.648517
食料品>カレー類>鍋スープ,食料品,カレー類,鍋スープ,1,2025-12-29T21:19:45.588836
食料品>コーヒー・紅茶・飲料>その他飲料,食料品,コーヒー・紅茶・飲料,その他飲料,1,2025-12-29T21:10:29.679619
食料品>コーヒー・紅茶・飲料>乳酸菌飲料,食料品,コーヒー・紅茶・飲料,乳酸菌飲料,1,2025-12-29T21:16:14.336157
食料品>コーヒー・紅茶・飲料>砂糖,食料品,コーヒー・紅茶・飲料,砂糖,0,2025-12-29T21:09:00.752318
食料品>コーヒー類>インスタントコーヒー,食料品,コーヒー類,インスタントコーヒー,27,2025-12-29T05:22:07.493358
食料品>コーヒー類>コーヒー,食料品,コーヒー類,コーヒー,62,2025-12-29T05:22:07.408981
食料品>コーヒー類>ドリップコーヒー,食料品,コーヒー類,ドリップコーヒー,12,2025-12-29T05:22:07.341679
食料品>スイーツ・デザート>ゼリー,食料品,スイーツ・デザート,ゼリー,1,2025-12-29T22:41:56.708776
食料品>スパイス・調味料>スパイス・香辛料,食料品,スパイス・調味料,スパイス・香辛料,1,2025-12-29T21:54:58.47069
食料品>スパイス・調味料>ハーブ・スパイス,食料品,スパイス・調味料,ハーブ・スパイス,1,2025-12-29T21:53:33.584291
食料品>スパイス・香辛料>カレー・エスニック系スパイス,食料品,スパイス・香辛料,カレー・エスニック系スパイス,1,2025-12-29T21:17:59.732343
食料品>スパイス・香辛料>ガーリック,食料品,スパイス・香辛料,ガーリック,1,2025-12-29T21:53:29.666563
食料品>スパイス・香辛料>クミン,食料品,スパイス・香辛料,クミン,1,2025-12-29T21:17:28.473514
食料品>スパイス・香辛料>コリアンダー,食料品,スパイス・香辛料,コリアンダー,1,2025-12-29T21:17:26.968416
食料品>スパイス・香辛料>シナモン,食料品,スパイス・香辛料,シナモン,1,2025-12-29T21:18:05.567944
食料品>スパイス・香辛料>シーズニング,食料品,スパイス・香辛料,シーズニング,4,2025-12-29T21:53:55.084359
食料品>スパイス・香辛料>スパイス・香辛料,食料品,スパイス・香辛料,スパイス・香辛料,5,2025-12-29T21:17:17.345676
食料品>スパイス・香辛料>ターメリック（うこん）,食料品,スパイス・香辛料,ターメリック（うこん）,1,2025-12-29T21:18:07.89521
食料品>スパイス・香辛料>チリパウダー,食料品,スパイス・香辛料,チリパウダー,1,2025-12-29T21:17:45.807068
食料品>スパイス・香辛料>ハーブ,食料品,スパイス・香辛料,ハーブ,1,2025-12-29T21:53:31.721369
食料品>スパイス・香辛料>ハーブ・スパイス,食料品,スパイス・香辛料,ハーブ・スパイス,1,2025-12-29T21:17:24.944773
食料品>スパイス・香辛料>ハーブ・ミックススパイス,食料品,スパイス・香辛料,ハーブ・ミックススパイス,1,2025-12-29T21:54:12.158177
食料品>スパイス・香辛料>ミックススパイス,食料品,スパイス・香辛料,ミックススパイス,1,2025-12-29T21:17:49.576585
食料品>スパイス・香辛料>唐辛子,食料品,スパイス・香辛料,唐辛子,3,2025-12-29T21:17:36.488857
食料品>スープ>インスタントスープ,食料品,スープ,インスタントスープ,10,2025-12-29T21:04:37.868702
食料品>スープ>コーンスープ,食料品,スープ,コーンスープ,4,2025-12-29T21:17:25.308315
食料品>スープ>スープ,食料品,スープ,スープ,1,2025-12-29T21:17:27.732906
食料品>スープ>ポタージュ,食料品,スープ,ポタージュ,1,2025-12-29T22:05:44.824447
食料品>スープ>野菜スープ,食料品,スープ,野菜スープ,5,2025-12-29T21:04:31.654424
食料品>スープ・みそ汁>インスタントスープ,食料品,スープ・みそ汁,インスタントスープ,1,2025-12-29T22:06:48.847964
食料品>スープ・みそ汁>スープ,食料品,スープ・みそ汁,スープ,1,2025-12-29T21:04:25.670793
食料品>スープ類>その他スープ,食料品,スープ類,その他スープ,0,2025-12-29T20:53:40.990141
食料品>スープ類>みそ汁,食料品,スープ類,みそ汁,3,2025-12-29T20:51:23.721751
食料品>スープ類>インスタントスープ,食料品,スープ類,インスタントスープ,1,2025-12-29T20:46:19.241495
食料品>スープ類>カップスープ,食料品,スープ類,カップスープ,2,2025-12-29T20:47:01.001279
食料品>スープ類>クリームスープ,食料品,スープ類,クリームスープ,0,2025-12-29T21:04:33.636584
食料品>スープ類>コーンスープ,食料品,スープ類,コーンスープ,0,2025-12-29T21:04:45.948857
食料品>スープ類>スープ,食料品,スープ類,スープ,46,2025-12-29T05:22:14.812569
食料品>スープ類>スープ>カップスープ,食料品,スープ類,スープ>カップスープ,1,2025-12-29T20:50:52.504764
食料品>スープ類>スープの素,食料品,スープ類,スープの素,1,2025-12-29T20:47:41.305403
食料品>スープ類>スープ類,食料品,スープ類,スープ類,33,2025-12-29T05:22:14.902388
食料品>スープ類>スープ類>インスタントスープ,食料品,スープ類,スープ類>インスタントスープ,1,2025-12-29T20:50:54.345729
食料品>スープ類>スープ類>コーンスープ,食料品,スープ類,スープ類>コーンスープ,1,2025-12-29T20:49:41.386469
食料品>スープ類>スープ類>ポタージュ,食料品,スープ類,スープ類>ポタージュ,1,2025-12-29T20:49:59.962234
食料品>スープ類>スープ類>ユッケジャン,食料品,スープ類,スープ類>ユッケジャン,1,2025-12-29T20:52:20.132957
食料品>スープ類>スープ類>豆乳スープ,食料品,スープ類,スープ類>豆乳スープ,1,2025-12-29T20:50:31.051381
食料品>スープ類>パスタ・スープ,食料品,スープ類,パスタ・スープ,0,2025-12-29T20:53:35.091513
食料品>スープ類>パスタ・ソース,食料品,スープ類,パスタ・ソース,0,2025-12-29T20:53:48.644038
食料品>スープ類>パスタ・麺類,食料品,スープ類,パスタ・麺類,0,2025-12-29T20:53:37.137674
食料品>スープ類>ポタージュ,食料品,スープ類,ポタージュ,0,2025-12-29T21:04:39.944277
食料品>スープ類>中華スープ,食料品,スープ類,中華スープ,0,2025-12-29T21:06:39.443076
食料品>スープ類>味噌汁,食料品,スープ類,味噌汁,2,2025-12-29T20:51:21.688682
食料品>スープ類>野菜スープ,食料品,スープ類,野菜スープ,0,2025-12-29T21:00:50.919322
食料品>スープ類>麺用スープ,食料品,スープ類,麺用スープ,1,2025-12-29T20:46:17.0241
食料品>ソース類>ピザソース,食料品,ソース類,ピザソース,1,2025-12-29T20:53:00.623569
食料品>ソース類>豆板醤,食料品,ソース類,豆板醤,0,2025-12-29T20:53:02.726329
食料品>チーズ>カマンベールチーズ,食料品,チーズ,カマンベールチーズ,1,2025-12-29T22:49:34.000466
食料品>チーズ>チーズ,食料品,チーズ,チーズ,6,2025-12-29T20:45:33.325083
食料品>チーズ>ナチュラルチーズ,食料品,チーズ,ナチュラルチーズ,2,2025-12-29T20:45:47.037932
食料品>チーズ>ハードチーズ,食料品,チーズ,ハードチーズ,3,2025-12-29T22:46:20.130491
食料品>チーズ>フレッシュチーズ,食料品,チーズ,フレッシュチーズ,1,2025-12-29T22:40:29.94368
食料品>チーズ>ブルーチーズ,食料品,チーズ,ブルーチーズ,1,2025-12-30T02:02:52.550035
食料品>チーズ>プロセスチーズ,食料品,チーズ,プロセスチーズ,6,2025-12-29T22:26:27.662441
食料品>チーズ>モッツァレラチーズ,食料品,チーズ,モッツァレラチーズ,0,2025-12-29T05:22:14.141159
食料品>デザート>ゼリー,食料品,デザート,ゼリー,3,2025-12-29T22:42:51.247836
食料品>デザート>チーズデザート,食料品,デザート,チーズデザート,1,2025-12-30T01:10:34.384116
食料品>デザート・スイーツ>ゼリー,食料品,デザート・スイーツ,ゼリー,7,2025-12-29T22:38:41.414604
食料品>デザート・スイーツ>プリン,食料品,デザート・スイーツ,プリン,2,2025-12-29T22:25:57.893752
食料品>トマト製品>ケチャップ,食料品,トマト製品,ケチャップ,13,2025-12-29T05:22:15.933309
食料品>トマト製品>トマト製品,食料品,トマト製品,トマト製品,18,2025-12-29T05:22:15.840355
食料品>パン>その他パン,食料品,パン,その他パン,5,2025-12-29T20:57:23.157023
食料品>パン>デニッシュ,食料品,パン,デニッシュ,1,2025-12-30T02:03:51.745321
食料品>パン>ドーナツ,食料品,パン,ドーナツ,1,2025-12-30T01:12:17.862744
食料品>パン>バゲット,食料品,パン,バゲット,1,2025-12-30T01:12:45.729505
食料品>パン>ピザ,食料品,パン,ピザ,2,2025-12-29T21:09:46.790674
食料品>パン>マフィン,食料品,パン,マフィン,1,2025-12-30T01:55:38.816883
食料品>パン>ロールパン,食料品,パン,ロールパン,8,2025-12-30T01:55:34.619258
食料品>パン>惣菜パン,食料品,パン,惣菜パン,2,2025-12-29T21:09:38.800294
食料品>パン>菓子パン,食料品,パン,菓子パン,69,2025-12-29T22:41:50.996095
食料品>パン>菓子パン・惣菜パン,食料品,パン,菓子パン・惣菜パン,1,2025-12-30T01:56:59.038862
食料品>パン>調理パン,食料品,パン,調理パン,2,2025-12-29T21:09:44.689141
食料品>パン>食パン,食料品,パン,食パン,37,2025-12-29T22:57:15.398253
食料品>パン>食パン・菓子パン,食料品,パン,食パン・菓子パン,4,2025-12-30T01:12:43.572486
食料品>パン・シリアル>その他パン,食料品,パン・シリアル,その他パン,1,2025-12-29T20:57:37.068531
食料品>パン・シリアル>その他パン・シリアル,食料品,パン・シリアル,その他パン・シリアル,2,2025-12-29T21:08:42.370677
食料品>パン・シリアル>スコーン,食料品,パン・シリアル,スコーン,1,2025-12-30T01:06:10.120041
食料品>パン・シリアル>ドーナツ,食料品,パン・シリアル,ドーナツ,1,2025-12-30T02:03:59.646675
食料品>パン・シリアル>パン,食料品,パン・シリアル,パン,4,2025-12-29T21:14:09.717165
食料品>パン・シリアル>ピザ,食料品,パン・シリアル,ピザ,0,2025-12-29T20:56:53.247985
食料品>パン・シリアル>マフィン,食料品,パン・シリアル,マフィン,1,2025-12-30T01:06:03.745764
食料品>パン・シリアル>惣菜パン,食料品,パン・シリアル,惣菜パン,1,2025-12-30T02:04:40.188152
食料品>パン・シリアル>菓子パン,食料品,パン・シリアル,菓子パン,9,2025-12-30T01:55:58.42732
食料品>パン・シリアル>菓子パン・惣菜パン,食料品,パン・シリアル,菓子パン・惣菜パン,1,2025-12-29T20:56:45.567584
食料品>パン・シリアル>調理パン,食料品,パン・シリアル,調理パン,1,2025-12-30T01:56:56.989677
食料品>パン・シリアル>調理パン・惣菜パン,食料品,パン・シリアル,調理パン・惣菜パン,0,2025-12-29T20:56:51.506732
食料品>パン・シリアル>食パン,食料品,パン・シリアル,食パン,3,2025-12-29T22:57:20.818492
食料品>パン・シリアル>食パン・菓子パン,食料品,パン・シリアル,食パン・菓子パン,1,2025-12-30T02:03:28.442357
食料品>パン・ジャム・スプレッド>スプレッド,食料品,パン・ジャム・スプレッド,スプレッド,1,2025-12-29T22:48:54.556334
食料品>パン・スイーツ>いちご製品,食料品,パン・スイーツ,いちご製品,11,2025-12-29T05:22:08.383448
食料品>パン・スイーツ>コッペパン,食料品,パン・スイーツ,コッペパン,6,2025-12-29T05:22:08.304045
食料品>パン・スイーツ>ジャム,食料品,パン・スイーツ,ジャム,16,2025-12-29T05:22:07.963569
食料品>パン・スイーツ>スパイス,食料品,パン・スイーツ,スパイス,14,2025-12-29T05:22:08.473563
食料品>パン・スイーツ>バター類,食料品,パン・スイーツ,バター類,14,2025-12-29T05:22:08.220771
食料品>パン・スイーツ>フルーツ加工品,食料品,パン・スイーツ,フルーツ加工品,10,2025-12-29T05:22:08.040591
食料品>パン・スイーツ>洋菓子,食料品,パン・スイーツ,洋菓子,41,2025-12-29T05:22:07.884929
食料品>パン・スイーツ>食パン,食料品,パン・スイーツ,食パン,33,2025-12-29T05:22:08.147763
食料品>パン・菓子>パン,食料品,パン・菓子,パン,1,2025-12-30T01:05:51.581294
食料品>パン・菓子>惣菜パン,食料品,パン・菓子,惣菜パン,1,2025-12-30T02:04:38.089907
食料品>パン・菓子>菓子パン,食料品,パン・菓子,菓子パン,3,2025-12-30T01:56:16.799152
食料品>パン・麺類>パン,食料品,パン・麺類,パン,0,2025-12-29T20:55:49.17199
食料品>パン・麺類>ピザ,食料品,パン・麺類,ピザ,1,2025-12-29T21:10:14.48428
食料品>レトルト・惣菜>ソース・ルー,食料品,レトルト・惣菜,ソース・ルー,0,2025-12-29T21:06:44.174466
食料品>レトルト・惣菜>ハンバーグ,食料品,レトルト・惣菜,ハンバーグ,0,2025-12-29T21:06:35.561748
食料品>レトルト食品>レトルトごはん,食料品,レトルト食品,レトルトごはん,2,2025-12-29T20:50:32.975727
食料品>レトルト食品>レトルトカレー,食料品,レトルト食品,レトルトカレー,1,2025-12-29T20:52:44.723916
食料品>中華惣菜・点心>中華惣菜,食料品,中華惣菜・点心,中華惣菜,1,2025-12-29T20:51:39.497378
食料品>中華惣菜・点心>焼売,食料品,中華惣菜・点心,焼売,0,2025-12-29T20:54:47.000283
食料品>中華調味料>中華合わせ調味料,食料品,中華調味料,中華合わせ調味料,1,2025-12-29T20:47:26.962315
食料品>乳・卵・大豆製品>チーズ,食料品,乳・卵・大豆製品,チーズ,1,2025-12-29T22:47:49.224213
食料品>乳幼児向け食品>ベビーフード,食料品,乳幼児向け食品,ベビーフード,1,2025-12-29T22:46:35.179167
食料品>乳製品>その他乳製品,食料品,乳製品,その他乳製品,1,2025-12-30T01:11:12.361251
食料品>乳製品>クリーム,食料品,乳製品,クリーム,1,2025-12-29T22:46:28.160358
食料品>乳製品>ソーセージ,食料品,乳製品,ソーセージ,10,2025-12-29T05:22:07.64714
食料品>乳製品>チーズ,食料品,乳製品,チーズ,83,2025-12-29T04:58:21.010952
食料品>乳製品>バター,食料品,乳製品,バター,1,2025-12-30T01:06:59.69517
食料品>乳製品>ホイップクリーム,食料品,乳製品,ホイップクリーム,7,2025-12-29T05:22:07.735562
食料品>乳製品>ヨーグルト,食料品,乳製品,ヨーグルト,104,2025-12-29T21:15:46.345615
食料品>乳製品>乳製品,食料品,乳製品,乳製品,14,2025-12-29T05:22:07.815185
食料品>乳製品>牛乳,食料品,乳製品,牛乳,9,2025-12-29T22:38:02.155421
食料品>乳製品>生クリーム,食料品,乳製品,生クリーム,2,2025-12-29T21:56:26.016081
食料品>乳製品・チーズ>チーズ,食料品,乳製品・チーズ,チーズ,1,2025-12-30T01:10:53.822379
食料品>乳製品・デザート>デザート,食料品,乳製品・デザート,デザート,1,2025-12-30T01:58:50.512573
食料品>乳製品・デザート>ヨーグルト,食料品,乳製品・デザート,ヨーグルト,3,2025-12-30T01:07:29.276231
食料品>乳製品・卵>チーズ,食料品,乳製品・卵,チーズ,111,2025-12-29T21:02:28.511126
食料品>乳製品・卵>バター,食料品,乳製品・卵,バター,7,2025-12-29T22:26:42.95847
食料品>乳製品・卵>バター・マーガリン,食料品,乳製品・卵,バター・マーガリン,16,2025-12-29T22:26:55.303035
食料品>乳製品・卵>マーガリン,食料品,乳製品・卵,マーガリン,1,2025-12-30T01:10:14.252051
食料品>乳製品・卵>マーガリン・ファットスプレッド,食料品,乳製品・卵,マーガリン・ファットスプレッド,3,2025-12-29T22:50:44.869243
食料品>乳製品・卵>ヨーグルト,食料品,乳製品・卵,ヨーグルト,139,2025-12-29T22:22:41.095584
食料品>乳製品・卵>牛乳,食料品,乳製品・卵,牛乳,1,2025-12-30T01:09:15.126286
食料品>乳製品・卵>生クリーム,食料品,乳製品・卵,生クリーム,3,2025-12-29T22:38:25.881667
食料品>乳製品・卵>生クリーム・バター,食料品,乳製品・卵,生クリーム・バター,1,2025-12-29T22:43:14.327129
食料品>乳製品・卵・チーズ>チーズ,食料品,乳製品・卵・チーズ,チーズ,2,2025-12-29T22:44:34.556772
食料品>乳製品・卵・加工品>チーズ,食料品,乳製品・卵・加工品,チーズ,1,2025-12-29T22:51:12.348428
食料品>乳製品・卵・加工肉>チーズ,食料品,乳製品・卵・加工肉,チーズ,1,2025-12-29T22:40:26.088542
食料品>乳製品・卵・大豆製品>チーズ,食料品,乳製品・卵・大豆製品,チーズ,34,2025-12-29T22:27:01.100074
食料品>乳製品・卵・大豆製品>バター,食料品,乳製品・卵・大豆製品,バター,1,2025-12-29T22:39:16.398869
食料品>乳製品・卵・大豆製品>バター・マーガリン,食料品,乳製品・卵・大豆製品,バター・マーガリン,2,2025-12-29T22:39:18.435671
食料品>乳製品・卵・大豆製品>マーガリン・ファットスプレッド,食料品,乳製品・卵・大豆製品,マーガリン・ファットスプレッド,3,2025-12-29T22:51:06.014365
食料品>乳製品・卵・大豆製品>ヨーグルト,食料品,乳製品・卵・大豆製品,ヨーグルト,39,2025-12-29T22:25:23.222065
食料品>乳製品・卵・大豆製品>生クリーム・ホイップ,食料品,乳製品・卵・大豆製品,生クリーム・ホイップ,1,2025-12-30T01:57:57.70377
食料品>乳製品・卵・豆腐>チーズ,食料品,乳製品・卵・豆腐,チーズ,3,2025-12-29T22:37:15.231059
食料品>乳製品・卵・豆腐>ヨーグルト,食料品,乳製品・卵・豆腐,ヨーグルト,2,2025-12-29T22:41:26.900114
食料品>乳製品・大豆製品>ヨーグルト,食料品,乳製品・大豆製品,ヨーグルト,1,2025-12-30T01:06:12.170433
食料品>乳製品・飲料>ヨーグルト,食料品,乳製品・飲料,ヨーグルト,1,2025-12-29T22:44:10.631189
食料品>乾物>きのこ類,食料品,乾物,きのこ類,1,2025-12-29T20:47:46.9414
食料品>乾物>海藻類,食料品,乾物,海藻類,0,2025-12-29T20:55:47.085444
食料品>乾物・乾燥野菜>海苔,食料品,乾物・乾燥野菜,海苔,0,2025-12-29T21:01:21.564195
食料品>乾物・乾麺>その他乾物,食料品,乾物・乾麺,その他乾物,0,2025-12-29T20:57:39.112392
食料品>乾物・乾麺>海藻類,食料品,乾物・乾麺,海藻類,0,2025-12-29T20:55:55.66908
食料品>乾物・海産物>海苔,食料品,乾物・海産物,海苔,1,2025-12-29T22:12:48.076364
食料品>冷凍食品>冷凍ピザ,食料品,冷凍食品,冷凍ピザ,3,2025-12-29T21:15:16.19848
食料品>冷凍食品>冷凍惣菜,食料品,冷凍食品,冷凍惣菜,0,2025-12-29T20:54:38.991612
食料品>冷凍食品>冷凍調理品,食料品,冷凍食品,冷凍調理品,0,2025-12-29T20:54:41.249933
食料品>加工肉>ソーセージ,食料品,加工肉,ソーセージ,1,2025-12-29T22:48:20.882261
食料品>加工肉>ハム・ソーセージ,食料品,加工肉,ハム・ソーセージ,4,2025-12-29T22:39:02.376543
食料品>加工肉>ベーコン,食料品,加工肉,ベーコン,2,2025-12-29T22:42:20.912979
食料品>加工肉・ソーセージ>ソーセージ,食料品,加工肉・ソーセージ,ソーセージ,1,2025-12-30T01:58:44.812048
食料品>加工肉・ソーセージ>ベーコン・パンチェッタ,食料品,加工肉・ソーセージ,ベーコン・パンチェッタ,1,2025-12-29T22:43:38.02962
食料品>加工肉・ソーセージ>生ハム・サラミ,食料品,加工肉・ソーセージ,生ハム・サラミ,1,2025-12-30T01:59:57.881212
食料品>加工肉・ハム>ソーセージ・ウインナー,食料品,加工肉・ハム,ソーセージ・ウインナー,1,2025-12-30T01:58:36.515929
食料品>加工肉・ハム>ベーコン,食料品,加工肉・ハム,ベーコン,2,2025-12-29T22:25:31.358422
食料品>加工肉・ハム>生ハム,食料品,加工肉・ハム,生ハム,1,2025-12-30T01:59:45.401561
食料品>加工肉・ハム・ソーセージ>ソーセージ,食料品,加工肉・ハム・ソーセージ,ソーセージ,1,2025-12-29T22:48:27.128336
食料品>加工肉・ハム・ソーセージ>ハム,食料品,加工肉・ハム・ソーセージ,ハム,1,2025-12-29T22:39:04.509559
食料品>加工肉・ハム・ソーセージ>生ハム・サラミ,食料品,加工肉・ハム・ソーセージ,生ハム・サラミ,2,2025-12-29T22:26:15.235482
食料品>加工肉製品>ソーセージ・ウインナー,食料品,加工肉製品,ソーセージ・ウインナー,1,2025-12-29T22:40:56.758539
食料品>加工肉類>ハム・ソーセージ類,食料品,加工肉類,ハム・ソーセージ類,1,2025-12-29T20:45:50.470158
食料品>加工食品>その他加工食品,食料品,加工食品,その他加工食品,1,2025-12-29T21:16:58.005114
食料品>加工食品>ソーセージ,食料品,加工食品,ソーセージ,1,2025-12-30T01:05:57.741915
食料品>加工食品>ソーセージ・ハム,食料品,加工食品,ソーセージ・ハム,9,2025-12-29T22:39:41.91173
食料品>加工食品>ハム・ソーセージ,食料品,加工食品,ハム・ソーセージ,14,2025-12-29T22:25:21.134931
食料品>加工食品>ハム・ソーセージ・ベーコン,食料品,加工食品,ハム・ソーセージ・ベーコン,1,2025-12-29T22:41:54.592274
食料品>加工食品>ベーコン・ハム,食料品,加工食品,ベーコン・ハム,1,2025-12-29T22:43:45.162113
食料品>加工食品>惣菜,食料品,加工食品,惣菜,1,2025-12-29T22:49:44.019902
食料品>加工食品>米飯加工品,食料品,加工食品,米飯加工品,1,2025-12-29T20:50:42.152923
食料品>即席麺・インスタント食品>カップ麺・インスタントスープ,食料品,即席麺・インスタント食品,カップ麺・インスタントスープ,1,2025-12-29T22:07:49.452804
食料品>卵>卵加工品,食料品,卵,卵加工品,1,2025-12-29T20:45:44.954534
食料品>卵>鶏卵,食料品,卵,鶏卵,5,2025-12-29T20:45:37.120907
食料品>卵・乳製品>鶏卵,食料品,卵・乳製品,鶏卵,5,2025-12-29T22:25:49.891916
食料品>卵・乳製品・ハム>鶏卵,食料品,卵・乳製品・ハム,鶏卵,1,2025-12-29T22:26:05.647939
食料品>卵・大豆製品>卵加工品,食料品,卵・大豆製品,卵加工品,2,2025-12-29T22:45:59.957909
食料品>味噌>味噌,食料品,味噌,味噌,2,2025-12-29T20:51:13.527351
食料品>味噌>米味噌,食料品,味噌,米味噌,0,2025-12-29T21:07:59.806356
食料品>味噌・たれ>味噌,食料品,味噌・たれ,味噌,0,2025-12-29T21:07:37.711981
食料品>味噌・醤油>味噌,食料品,味噌・醤油,味噌,0,2025-12-29T21:08:21.275336
食料品>和菓子>その他和菓子,食料品,和菓子,その他和菓子,3,2025-12-29T20:58:04.788177
食料品>和菓子>わらび餅,食料品,和菓子,わらび餅,0,2025-12-29T20:55:26.411736
食料品>和食材>おせち料理,食料品,和食材,おせち料理,13,2025-12-29T05:22:12.089139
食料品>和食材>おでん用品,食料品,和食材,おでん用品,12,2025-12-29T05:22:12.798967
食料品>和食材>お惣菜,食料品,和食材,お惣菜,13,2025-12-29T05:22:11.705616
食料品>和食材>かまぼこ,食料品,和食材,かまぼこ,27,2025-12-29T05:22:12.004381
食料品>和食材>こんにゃく,食料品,和食材,こんにゃく,12,2025-12-29T05:22:12.594188
食料品>和食材>さつま揚げ,食料品,和食材,さつま揚げ,6,2025-12-29T05:22:12.374327
食料品>和食材>しらたき,食料品,和食材,しらたき,10,2025-12-29T05:22:12.16936
食料品>和食材>たくあん,食料品,和食材,たくあん,5,2025-12-29T05:22:13.086971
食料品>和食材>ちくわ,食料品,和食材,ちくわ,12,2025-12-29T05:22:12.658984
食料品>和食材>つゆ類,食料品,和食材,つゆ類,15,2025-12-29T05:22:11.843747
食料品>和食材>にんにく製品,食料品,和食材,にんにく製品,7,2025-12-29T05:22:12.877815
食料品>和食材>みりん,食料品,和食材,みりん,9,2025-12-29T05:22:13.167166
食料品>和食材>めんつゆ,食料品,和食材,めんつゆ,5,2025-12-29T05:22:12.445798
食料品>和食材>らっきょう,食料品,和食材,らっきょう,12,2025-12-29T05:22:11.780285
食料品>和食材>わさび類,食料品,和食材,わさび類,11,2025-12-29T05:22:12.238754
食料品>和食材>キムチ,食料品,和食材,キムチ,32,2025-12-29T05:22:11.637369
食料品>和食材>和風食品,食料品,和食材,和風食品,16,2025-12-29T05:22:13.231426
食料品>和食材>寿司材料,食料品,和食材,寿司材料,6,2025-12-29T05:22:13.01769
食料品>和食材>惣菜,食料品,和食材,惣菜,79,2025-12-29T05:22:12.525041
食料品>和食材>春雨料理,食料品,和食材,春雨料理,13,2025-12-29T05:22:12.949335
食料品>和食材>梅干し,食料品,和食材,梅干し,28,2025-12-29T05:22:11.923873
食料品>和食材>海藻類,食料品,和食材,海藻類,5,2025-12-29T05:22:13.299129
食料品>和食材>漬物,食料品,和食材,漬物,11,2025-12-29T05:22:12.723123
食料品>和食材>調味料,食料品,和食材,調味料,17,2025-12-29T05:22:12.306778
食料品>大豆加工品>納豆,食料品,大豆加工品,納豆,0,2025-12-29T20:53:32.782857
食料品>大豆加工品>豆乳,食料品,大豆加工品,豆乳,1,2025-12-29T21:08:44.352883
食料品>大豆加工品>豆腐,食料品,大豆加工品,豆腐,0,2025-12-29T21:05:40.222626
食料品>大豆製品>その他大豆製品,食料品,大豆製品,その他大豆製品,1,2025-12-29T22:08:22.351849
食料品>大豆製品>納豆,食料品,大豆製品,納豆,1,2025-12-29T21:16:16.017234
食料品>大豆製品>豆腐,食料品,大豆製品,豆腐,1,2025-12-29T21:18:54.635699
食料品>惣菜>おでん,食料品,惣菜,おでん,1,2025-12-29T20:49:04.343762
食料品>惣菜>がんもどき,食料品,惣菜,がんもどき,0,2025-12-29T20:59:09.738809
食料品>惣菜>その他惣菜,食料品,惣菜,その他惣菜,0,2025-12-29T20:58:26.051135
食料品>惣菜>つくだ煮,食料品,惣菜,つくだ煮,15,2025-12-29T05:22:15.518434
食料品>惣菜>キムチ,食料品,惣菜,キムチ,0,2025-12-29T20:59:33.128018
食料品>惣菜>サラダ,食料品,惣菜,サラダ,16,2025-12-29T05:22:15.216971
食料品>惣菜>ハヤシライス,食料品,惣菜,ハヤシライス,8,2025-12-29T05:22:15.598947
食料品>惣菜>ピザ,食料品,惣菜,ピザ,0,2025-12-29T20:59:45.316831
食料品>惣菜>乾燥野菜,食料品,惣菜,乾燥野菜,6,2025-12-29T05:22:15.432323
食料品>惣菜>卵・ハム類,食料品,惣菜,卵・ハム類,24,2025-12-29T05:22:15.0624
食料品>惣菜>卵製品,食料品,惣菜,卵製品,6,2025-12-29T05:22:11.433818
食料品>惣菜>和え物・おひたし,食料品,惣菜,和え物・おひたし,0,2025-12-29T20:54:19.681484
食料品>惣菜>和風惣菜,食料品,惣菜,和風惣菜,0,2025-12-29T20:53:28.546234
食料品>惣菜>惣菜>和惣菜,食料品,惣菜,惣菜>和惣菜,1,2025-12-29T20:49:12.69154
食料品>惣菜>漬物,食料品,惣菜,漬物,56,2025-12-29T05:22:11.25226
食料品>惣菜>漬物・惣菜,食料品,惣菜,漬物・惣菜,0,2025-12-29T20:57:29.799901
食料品>惣菜>点心・中華まん,食料品,惣菜,点心・中華まん,0,2025-12-29T20:54:59.171819
食料品>惣菜>焼肉のたれ,食料品,惣菜,焼肉のたれ,38,2025-12-29T05:22:14.973299
食料品>惣菜>練り製品,食料品,惣菜,練り製品,15,2025-12-29T05:22:15.134152
食料品>惣菜>肉加工品,食料品,惣菜,肉加工品,16,2025-12-29T05:22:15.363052
食料品>惣菜>茶碗蒸し,食料品,惣菜,茶碗蒸し,12,2025-12-29T05:22:11.56517
食料品>惣菜>豆腐・惣菜,食料品,惣菜,豆腐・惣菜,1,2025-12-29T21:13:11.408707
食料品>惣菜>野菜加工品,食料品,惣菜,野菜加工品,9,2025-12-29T05:22:15.658921
食料品>惣菜>鍋つゆ,食料品,惣菜,鍋つゆ,26,2025-12-29T05:22:11.367617
食料品>惣菜>鶏スープ,食料品,惣菜,鶏スープ,7,2025-12-29T05:22:15.739759
食料品>惣菜>麺類,食料品,惣菜,麺類,22,2025-12-29T05:22:15.293107
食料品>惣菜パン>お惣菜,食料品,惣菜パン,お惣菜,36,2025-12-29T05:22:16.378978
食料品>惣菜パン>サンドイッチパン,食料品,惣菜パン,サンドイッチパン,12,2025-12-29T05:22:16.445181
食料品>惣菜・お惣菜>その他惣菜,食料品,惣菜・お惣菜,その他惣菜,1,2025-12-29T20:52:46.686877
食料品>惣菜・お惣菜>和え物・おひたし,食料品,惣菜・お惣菜,和え物・おひたし,0,2025-12-29T20:54:14.101998
食料品>惣菜・お惣菜>和惣菜,食料品,惣菜・お惣菜,和惣菜,0,2025-12-29T20:56:21.604877
食料品>惣菜・お惣菜>豆腐・惣菜,食料品,惣菜・お惣菜,豆腐・惣菜,0,2025-12-29T21:00:18.97786
食料品>惣菜・デリ>チーズ,食料品,惣菜・デリ,チーズ,1,2025-12-30T01:10:36.64104
食料品>惣菜・デリ>和風惣菜,食料品,惣菜・デリ,和風惣菜,0,2025-12-29T20:53:30.795486
食料品>惣菜・ミールキット>ミールキット,食料品,惣菜・ミールキット,ミールキット,1,2025-12-29T20:47:29.217884
食料品>惣菜・レトルト>和風惣菜,食料品,惣菜・レトルト,和風惣菜,0,2025-12-29T20:53:45.131451
食料品>惣菜・弁当>おでん,食料品,惣菜・弁当,おでん,1,2025-12-29T20:48:57.057787
食料品>惣菜・弁当>スープ,食料品,惣菜・弁当,スープ,1,2025-12-29T21:06:49.578166
食料品>惣菜・弁当>ピザ,食料品,惣菜・弁当,ピザ,1,2025-12-29T21:16:33.776374
食料品>惣菜・弁当>中華まん,食料品,惣菜・弁当,中華まん,2,2025-12-29T20:48:38.851133
食料品>惣菜・弁当>惣菜,食料品,惣菜・弁当,惣菜,3,2025-12-29T20:50:44.278068
食料品>惣菜・弁当>惣菜・弁当>惣菜,食料品,惣菜・弁当,惣菜・弁当>惣菜,1,2025-12-29T20:49:06.777005
食料品>惣菜・弁当>鍋物,食料品,惣菜・弁当,鍋物,1,2025-12-29T20:49:14.679118
食料品>惣菜・弁当>魚介惣菜,食料品,惣菜・弁当,魚介惣菜,0,2025-12-29T20:55:42.95837
食料品>惣菜・惣菜の素>惣菜の素,食料品,惣菜・惣菜の素,惣菜の素,2,2025-12-29T20:49:57.905366
食料品>果物>柑橘類,食料品,果物,柑橘類,1,2025-12-29T21:20:20.876181
食料品>果物>缶詰,食料品,果物,缶詰,1,2025-12-29T21:20:33.823858
食料品>果物>缶詰・瓶詰,食料品,果物,缶詰・瓶詰,0,2025-12-29T21:07:32.315074
食料品>果物・フルーツ>缶詰・瓶詰,食料品,果物・フルーツ,缶詰・瓶詰,0,2025-12-29T21:07:10.589583
食料品>油・オイル>植物油,食料品,油・オイル,植物油,2,2025-12-29T21:59:48.884973
食料品>油・オイル>食用油,食料品,油・オイル,食用油,2,2025-12-29T21:59:00.630874
食料品>油・ドレッシング>オリーブオイル,食料品,油・ドレッシング,オリーブオイル,1,2025-12-29T21:59:34.706274
食料品>油・調味料>食用油,食料品,油・調味料,食用油,6,2025-12-29T21:19:37.224996
食料品>油脂・オイル>ごま油,食料品,油脂・オイル,ごま油,1,2025-12-29T21:59:22.801459
食料品>油脂・オイル>オリーブオイル,食料品,油脂・オイル,オリーブオイル,1,2025-12-29T21:59:28.59296
食料品>油脂・オイル>サラダ油,食料品,油脂・オイル,サラダ油,1,2025-12-29T21:58:57.251917
食料品>油脂・オイル>植物油,食料品,油脂・オイル,植物油,1,2025-12-29T22:00:02.359999
食料品>油脂・オイル>食用油,食料品,油脂・オイル,食用油,1,2025-12-29T21:58:52.955376
食料品>油脂・油>食用油,食料品,油脂・油,食用油,1,2025-12-29T21:59:11.203651
食料品>油脂類>揚げ豆腐,食料品,油脂類,揚げ豆腐,18,2025-12-29T05:22:17.021399
食料品>油脂類>油揚げ,食料品,油脂類,油揚げ,17,2025-12-29T05:22:16.855688
食料品>油脂類>醤油,食料品,油脂類,醤油,0,2025-12-29T05:22:16.792251
食料品>油脂類>食用油,食料品,油脂類,食用油,18,2025-12-29T05:22:16.928079
食料品>漬物>きゅうりの漬物,食料品,漬物,きゅうりの漬物,0,2025-12-29T21:00:45.515619
食料品>漬物>その他漬物,食料品,漬物,その他漬物,6,2025-12-29T21:02:01.719835
食料品>漬物>たくあん,食料品,漬物,たくあん,5,2025-12-29T20:54:23.263795
食料品>漬物>キムチ,食料品,漬物,キムチ,0,2025-12-29T20:54:52.718871
食料品>漬物>京漬物,食料品,漬物,京漬物,1,2025-12-29T21:01:00.417388
食料品>漬物>梅干し,食料品,漬物,梅干し,0,2025-12-29T20:57:52.902293
食料品>漬物>浅漬,食料品,漬物,浅漬,0,2025-12-29T20:56:59.64916
食料品>漬物>漬物,食料品,漬物,漬物,1,2025-12-29T21:13:40.320453
食料品>漬物>白菜漬,食料品,漬物,白菜漬,1,2025-12-29T21:07:04.409741
食料品>漬物>福神漬,食料品,漬物,福神漬,7,2025-12-29T05:22:00.890014
食料品>漬物>野菜漬,食料品,漬物,野菜漬,1,2025-12-29T20:54:11.862597
食料品>漬物>野菜漬物,食料品,漬物,野菜漬物,10,2025-12-29T20:55:01.05645
食料品>漬物・キムチ>その他漬物,食料品,漬物・キムチ,その他漬物,0,2025-12-29T21:01:04.695232
食料品>漬物・佃煮>梅干し,食料品,漬物・佃煮,梅干し,9,2025-12-29T20:47:57.584804
食料品>漬物・佃煮>漬物,食料品,漬物・佃煮,漬物,2,2025-12-29T21:09:00.242165
食料品>漬物・佃煮・惣菜>漬物,食料品,漬物・佃煮・惣菜,漬物,1,2025-12-29T21:10:54.020236
食料品>漬物・惣菜>キムチ,食料品,漬物・惣菜,キムチ,0,2025-12-29T20:54:15.584864
食料品>漬物・惣菜>キムチ・漬物,食料品,漬物・惣菜,キムチ・漬物,0,2025-12-29T20:55:20.464573
食料品>漬物・惣菜>梅干し,食料品,漬物・惣菜,梅干し,5,2025-12-29T20:48:05.258718
食料品>漬物・惣菜>漬物,食料品,漬物・惣菜,漬物,9,2025-12-29T20:54:09.905858
食料品>漬物・梅干>梅干,食料品,漬物・梅干,梅干,2,2025-12-29T21:14:53.329623
食料品>漬物・梅干し>梅干し,食料品,漬物・梅干し,梅干し,4,2025-12-29T20:46:29.717578
食料品>漬物・漬物用>漬物,食料品,漬物・漬物用,漬物,1,2025-12-29T21:08:56.424482
食料品>漬物・漬菜>漬物,食料品,漬物・漬菜,漬物,1,2025-12-29T21:08:09.739905
食料品>牛乳>牛乳,食料品,牛乳,牛乳,4,2025-12-30T01:08:03.105021
食料品>牛乳・乳飲料>低脂肪乳,食料品,牛乳・乳飲料,低脂肪乳,2,2025-12-30T01:08:18.505772
食料品>牛乳・乳飲料>牛乳,食料品,牛乳・乳飲料,牛乳,4,2025-12-29T22:39:22.411346
食料品>発酵食品>乳酸菌飲料,食料品,発酵食品,乳酸菌飲料,9,2025-12-29T05:22:16.082697
食料品>発酵食品>牛乳,食料品,発酵食品,牛乳,17,2025-12-29T05:22:16.235844
食料品>発酵食品>納豆,食料品,発酵食品,納豆,22,2025-12-29T05:22:16.007687
食料品>発酵食品>豆乳,食料品,発酵食品,豆乳,14,2025-12-29T05:22:16.157773
食料品>発酵食品>豆類,食料品,発酵食品,豆類,30,2025-12-29T05:22:16.309614
食料品>砂糖>その他砂糖,食料品,砂糖,その他砂糖,0,2025-12-29T21:09:05.93091
食料品>砂糖>砂糖,食料品,砂糖,砂糖,2,2025-12-29T20:52:03.504655
食料品>砂糖・甘味料>砂糖,食料品,砂糖・甘味料,砂糖,1,2025-12-29T21:10:00.817399
食料品>砂糖・甘味料>黒糖,食料品,砂糖・甘味料,黒糖,1,2025-12-29T21:22:41.330502
食料品>砂糖類>砂糖,食料品,砂糖類,砂糖,1,2025-12-29T20:52:54.854159
食料品>穀物類>シリアル,食料品,穀物類,シリアル,22,2025-12-29T04:55:58.37657
食料品>米>精米,食料品,米,精米,1,2025-12-29T21:19:15.323879
食料品>米・穀物>アルファ化米,食料品,米・穀物,アルファ化米,1,2025-12-29T20:52:26.790759
食料品>米・穀物>米,食料品,米・穀物,米,0,2025-12-29T21:06:02.945267
食料品>米・穀物・パン>米加工品,食料品,米・穀物・パン,米加工品,1,2025-12-29T20:49:52.696508
食料品>米・穀類>玄米,食料品,米・穀類,玄米,1,2025-12-29T22:46:24.249935
食料品>米・穀類>米,食料品,米・穀類,米,2,2025-12-29T21:19:02.943317
食料品>米・穀類>米粉,食料品,米・穀類,米粉,1,2025-12-29T22:01:22.586796
食料品>米飯・惣菜>炊き込みご飯の素,食料品,米飯・惣菜,炊き込みご飯の素,1,2025-12-29T20:50:20.205597
食料品>米飯・麺類>餅・団子,食料品,米飯・麺類,餅・団子,1,2025-12-29T20:46:55.009357
食料品>米飯・麺類・パン>お茶漬け,食料品,米飯・麺類・パン,お茶漬け,0,2025-12-29T20:56:09.404738
食料品>米飯類>炊き込みご飯の素,食料品,米飯類,炊き込みご飯の素,3,2025-12-29T20:50:04.118044
食料品>練り物>ちくわ,食料品,練り物,ちくわ,0,2025-12-29T21:02:52.909276
食料品>練り物・加工品>かまぼこ,食料品,練り物・加工品,かまぼこ,0,2025-12-29T20:53:57.26566
食料品>練り物・加工品>かまぼこ・ちくわ,食料品,練り物・加工品,かまぼこ・ちくわ,1,2025-12-29T20:53:43.083736
食料品>缶詰>魚介缶詰,食料品,缶詰,魚介缶詰,1,2025-12-29T21:07:00.588926
食料品>缶詰・瓶詰>フルーツ缶詰,食料品,缶詰・瓶詰,フルーツ缶詰,4,2025-12-29T21:07:26.789593
食料品>缶詰・瓶詰>果実缶詰,食料品,缶詰・瓶詰,果実缶詰,0,2025-12-29T21:07:18.82499
食料品>缶詰・瓶詰>漬物・梅干し,食料品,缶詰・瓶詰,漬物・梅干し,0,2025-12-29T20:57:46.964502
食料品>缶詰・瓶詰>豆類,食料品,缶詰・瓶詰,豆類,1,2025-12-29T22:08:24.676537
食料品>缶詰・瓶詰>野菜・果実の缶詰,食料品,缶詰・瓶詰,野菜・果実の缶詰,1,2025-12-29T22:10:05.493905
食料品>缶詰・瓶詰>野菜・豆類,食料品,缶詰・瓶詰,野菜・豆類,1,2025-12-29T22:08:35.24356
食料品>缶詰・瓶詰>魚介加工品,食料品,缶詰・瓶詰,魚介加工品,1,2025-12-29T22:10:43.031703
食料品>缶詰・瓶詰>魚介缶詰,食料品,缶詰・瓶詰,魚介缶詰,2,2025-12-29T22:09:09.763121
食料品>缶詰・瓶詰>魚介類の缶詰,食料品,缶詰・瓶詰,魚介類の缶詰,1,2025-12-29T22:09:59.722431
食料品>缶詰・瓶詰>魚介類缶詰,食料品,缶詰・瓶詰,魚介類缶詰,1,2025-12-29T22:09:19.970158
食料品>肉加工品>ソーセージ・ウインナー,食料品,肉加工品,ソーセージ・ウインナー,1,2025-12-29T22:40:46.921281
食料品>肉加工品>ソーセージ・ハム,食料品,肉加工品,ソーセージ・ハム,1,2025-12-29T20:45:40.955023
食料品>肉加工品>ハム,食料品,肉加工品,ハム,1,2025-12-29T21:17:23.052668
食料品>肉加工品>ハム・ソーセージ,食料品,肉加工品,ハム・ソーセージ,1,2025-12-29T22:40:13.539955
食料品>肉加工品>ベーコン,食料品,肉加工品,ベーコン,1,2025-12-30T01:59:24.024767
食料品>肉加工品>加工肉,食料品,肉加工品,加工肉,1,2025-12-29T20:45:52.517609
食料品>茶類>お茶,食料品,茶類,お茶,4,2025-12-29T05:22:06.541201
食料品>茶類>お茶・コーヒー,食料品,茶類,お茶・コーヒー,1,2025-12-29T05:22:07.007154
食料品>茶類>お茶類,食料品,茶類,お茶類,0,2025-12-29T05:22:06.310595
食料品>茶類>中国茶,食料品,茶類,中国茶,1,2025-12-29T05:22:06.930671
食料品>茶類>日本茶,食料品,茶類,日本茶,2,2025-12-29T05:22:06.615857
食料品>茶類>紅茶,食料品,茶類,紅茶,3,2025-12-29T05:22:06.147015
食料品>茶類>緑茶,食料品,茶類,緑茶,0,2025-12-29T05:22:06.225361
食料品>茶類>茶,食料品,茶類,茶,4,2025-12-29T05:22:06.469455
食料品>茶類>茶・飲料,食料品,茶類,茶・飲料,1,2025-12-29T05:22:06.707561
食料品>茶類>茶類,食料品,茶類,茶類,1,2025-12-29T05:22:06.783241
食料品>茶類>飲料,食料品,茶類,飲料,44,2025-12-29T05:22:06.381666
食料品>茶類>麺類,食料品,茶類,麺類,1,2025-12-29T05:22:06.85799
食料品>菓子>チョコレート,食料品,菓子,チョコレート,2,2025-12-29T22:51:20.264843
食料品>菓子>洋菓子,食料品,菓子,洋菓子,6,2025-12-30T01:57:31.852053
食料品>菓子>焼き菓子,食料品,菓子,焼き菓子,4,2025-12-30T01:57:39.318679
食料品>菓子・スイーツ>スナック菓子,食料品,菓子・スイーツ,スナック菓子,1,2025-12-29T22:37:43.171479
食料品>菓子・スイーツ>チーズ,食料品,菓子・スイーツ,チーズ,1,2025-12-29T22:37:35.33531
食料品>菓子・スイーツ>ドーナツ,食料品,菓子・スイーツ,ドーナツ,2,2025-12-30T01:56:08.393697
食料品>菓子・スイーツ>パイ,食料品,菓子・スイーツ,パイ,1,2025-12-29T22:57:24.283565
食料品>菓子・スイーツ>焼き菓子,食料品,菓子・スイーツ,焼き菓子,1,2025-12-30T01:57:27.53403
食料品>菓子・デザート>その他デザート,食料品,菓子・デザート,その他デザート,1,2025-12-29T22:44:16.265625
食料品>菓子・デザート>パイ,食料品,菓子・デザート,パイ,1,2025-12-30T01:06:01.599797
食料品>菓子類>ドーナツ,食料品,菓子類,ドーナツ,1,2025-12-30T01:56:26.950234
食料品>菓子類>和菓子,食料品,菓子類,和菓子,5,2025-12-29T20:49:18.73658
食料品>製菓材料>油脂類,食料品,製菓材料,油脂類,1,2025-12-29T22:26:33.754175
食料品>調味料>うま味調味料,食料品,調味料,うま味調味料,1,2025-12-29T05:22:03.496236
食料品>調味料>お酢,食料品,調味料,お酢,1,2025-12-29T21:10:52.729345
食料品>調味料>からし,食料品,調味料,からし,3,2025-12-29T21:14:57.25913
食料品>調味料>からし・わさび,食料品,調味料,からし・わさび,1,2025-12-29T21:15:26.140232
食料品>調味料>こしょう,食料品,調味料,こしょう,2,2025-12-29T21:16:42.055388
食料品>調味料>こしょう・スパイス,食料品,調味料,こしょう・スパイス,1,2025-12-29T21:16:24.803267
食料品>調味料>すき焼きのたれ,食料品,調味料,すき焼きのたれ,0,2025-12-29T21:11:19.62723
食料品>調味料>すし酢,食料品,調味料,すし酢,0,2025-12-29T21:06:25.679679
食料品>調味料>その他調味料,食料品,調味料,その他調味料,42,2025-12-29T05:22:02.438157
食料品>調味料>たれ,食料品,調味料,たれ,2,2025-12-29T21:02:09.24809
食料品>調味料>たれ・つゆ,食料品,調味料,たれ・つゆ,1,2025-12-29T21:58:22.642498
食料品>調味料>たれ・ソース,食料品,調味料,たれ・ソース,9,2025-12-29T20:46:27.781624
食料品>調味料>たれ・ソース類,食料品,調味料,たれ・ソース類,6,2025-12-29T20:47:14.774534
食料品>調味料>たれ・ドレッシング,食料品,調味料,たれ・ドレッシング,2,2025-12-29T21:11:11.548095
食料品>調味料>だし,食料品,調味料,だし,10,2025-12-29T05:22:16.587267
食料品>調味料>だし・だしパック,食料品,調味料,だし・だしパック,1,2025-12-29T21:21:11.542072
食料品>調味料>だし・だし原料,食料品,調味料,だし・だし原料,0,2025-12-29T21:08:07.749391
食料品>調味料>だし・つゆ,食料品,調味料,だし・つゆ,3,2025-12-29T21:14:59.663525
食料品>調味料>だし・ブイヨン,食料品,調味料,だし・ブイヨン,3,2025-12-29T05:22:03.103754
食料品>調味料>だし類,食料品,調味料,だし類,33,2025-12-29T05:22:16.521046
食料品>調味料>つゆ・たれ,食料品,調味料,つゆ・たれ,1,2025-12-29T21:14:57.275121
食料品>調味料>つゆ・だし,食料品,調味料,つゆ・だし,4,2025-12-29T21:02:07.607332
食料品>調味料>ぽん酢,食料品,調味料,ぽん酢,7,2025-12-29T22:04:42.171406
食料品>調味料>みそ汁,食料品,調味料,みそ汁,0,2025-12-29T05:22:01.609953
食料品>調味料>みりん,食料品,調味料,みりん,5,2025-12-29T22:02:41.61657
食料品>調味料>みりん・料理酒,食料品,調味料,みりん・料理酒,1,2025-12-29T21:10:14.372898
食料品>調味料>みりん風調味料,食料品,調味料,みりん風調味料,1,2025-12-29T21:10:12.375165
食料品>調味料>めんつゆ,食料品,調味料,めんつゆ,6,2025-12-29T22:03:03.506556
食料品>調味料>めんつゆ・だし,食料品,調味料,めんつゆ・だし,1,2025-12-29T22:03:15.297308
食料品>調味料>インスタントスープ,食料品,調味料,インスタントスープ,1,2025-12-29T05:22:05.772506
食料品>調味料>インスタント・レトルト食品,食料品,調味料,インスタント・レトルト食品,2,2025-12-29T05:22:03.634461
食料品>調味料>インスタント味噌汁,食料品,調味料,インスタント味噌汁,7,2025-12-29T05:22:02.294233
食料品>調味料>インスタント食品,食料品,調味料,インスタント食品,8,2025-12-29T05:22:02.11494
食料品>調味料>インスタント食品・レトルト食品,食料品,調味料,インスタント食品・レトルト食品,1,2025-12-29T05:22:03.901566
食料品>調味料>コチュジャン,食料品,調味料,コチュジャン,3,2025-12-29T20:51:59.934534
食料品>調味料>シーズニング,食料品,調味料,シーズニング,43,2025-12-29T20:45:58.687472
食料品>調味料>スパイス,食料品,調味料,スパイス,8,2025-12-29T20:46:25.525692
食料品>調味料>スパイス・ハーブ,食料品,調味料,スパイス・ハーブ,2,2025-12-29T05:22:03.707814
食料品>調味料>スパイス・香辛料,食料品,調味料,スパイス・香辛料,46,2025-12-29T20:47:42.951832
食料品>調味料>スープの素,食料品,調味料,スープの素,2,2025-12-29T22:01:13.878106
食料品>調味料>スープ・だし,食料品,調味料,スープ・だし,1,2025-12-29T22:02:02.698246
食料品>調味料>ソース,食料品,調味料,ソース,15,2025-12-29T05:22:01.831152
食料品>調味料>ソース・たれ,食料品,調味料,ソース・たれ,1,2025-12-29T22:15:09.291927
食料品>調味料>ソース・ドレッシング,食料品,調味料,ソース・ドレッシング,0,2025-12-29T21:11:43.387777
食料品>調味料>ソース類,食料品,調味料,ソース類,7,2025-12-29T05:22:13.883616
食料品>調味料>タルタルソース,食料品,調味料,タルタルソース,1,2025-12-29T21:24:52.620816
食料品>調味料>チーズ,食料品,調味料,チーズ,1,2025-12-29T22:42:00.700089
食料品>調味料>ドレッシング,食料品,調味料,ドレッシング,114,2025-12-29T05:22:08.550615
食料品>調味料>ドレッシング・たれ,食料品,調味料,ドレッシング・たれ,1,2025-12-29T05:22:02.721197
食料品>調味料>パスタソース,食料品,調味料,パスタソース,8,2025-12-29T05:22:14.034152
食料品>調味料>ビネガー,食料品,調味料,ビネガー,1,2025-12-29T21:10:39.044398
食料品>調味料>ブイヨン・コンソメ,食料品,調味料,ブイヨン・コンソメ,2,2025-12-29T22:07:20.663943
食料品>調味料>ポン酢,食料品,調味料,ポン酢,2,2025-12-29T05:22:04.674694
食料品>調味料>ポン酢・たれ,食料品,調味料,ポン酢・たれ,1,2025-12-29T22:04:58.541766
食料品>調味料>ポン酢・だし,食料品,調味料,ポン酢・だし,1,2025-12-29T05:22:02.218553
食料品>調味料>マスタード,食料品,調味料,マスタード,5,2025-12-29T21:12:31.062679
食料品>調味料>マヨネーズ,食料品,調味料,マヨネーズ,12,2025-12-29T21:11:30.828109
食料品>調味料>マーガリン,食料品,調味料,マーガリン,1,2025-12-29T22:50:46.835507
食料品>調味料>ラー油,食料品,調味料,ラー油,2,2025-12-29T22:06:42.929304
食料品>調味料>中華惣菜・スープ,食料品,調味料,中華惣菜・スープ,1,2025-12-29T05:22:05.404717
食料品>調味料>中華惣菜・調味料,食料品,調味料,中華惣菜・調味料,1,2025-12-29T05:22:03.204304
食料品>調味料>中華調味料,食料品,調味料,中華調味料,31,2025-12-29T05:22:02.887091
食料品>調味料>健康飲料,食料品,調味料,健康飲料,4,2025-12-29T05:22:05.333742
食料品>調味料>冷凍ピザ,食料品,調味料,冷凍ピザ,14,2025-12-29T05:22:13.964137
食料品>調味料>合わせ調味料,食料品,調味料,合わせ調味料,8,2025-12-29T05:22:03.350724
食料品>調味料>合わせ酢,食料品,調味料,合わせ酢,1,2025-12-29T05:22:03.559193
食料品>調味料>合わせ酢・ピクルス液,食料品,調味料,合わせ酢・ピクルス液,1,2025-12-29T21:19:29.277327
食料品>調味料>味噌,食料品,調味料,味噌,49,2025-12-29T05:22:01.092314
食料品>調味料>味噌・たれ,食料品,調味料,味噌・たれ,1,2025-12-29T05:22:02.369046
食料品>調味料>味噌・調味料,食料品,調味料,味噌・調味料,1,2025-12-29T05:22:04.047821
食料品>調味料>味噌汁,食料品,調味料,味噌汁,1,2025-12-29T05:22:02.962564
食料品>調味料>和え物の素,食料品,調味料,和え物の素,1,2025-12-29T22:05:03.04507
食料品>調味料>和え物・たれ,食料品,調味料,和え物・たれ,2,2025-12-29T20:48:53.155689
食料品>調味料>和え物用調味料,食料品,調味料,和え物用調味料,1,2025-12-29T05:22:03.284188
食料品>調味料>和風調味料,食料品,調味料,和風調味料,2,2025-12-29T05:22:02.515606
食料品>調味料>塩,食料品,調味料,塩,20,2025-12-29T20:51:53.567286
食料品>調味料>塩・スパイス,食料品,調味料,塩・スパイス,1,2025-12-29T22:26:46.835282
食料品>調味料>塩類,食料品,調味料,塩類,0,2025-12-29T05:22:04.119334
食料品>調味料>塩麹・塩糀,食料品,調味料,塩麹・塩糀,1,2025-12-29T21:58:43.725689
食料品>調味料>寿司酢,食料品,調味料,寿司酢,2,2025-12-29T05:22:03.03439
食料品>調味料>惣菜,食料品,調味料,惣菜,2,2025-12-29T05:22:03.419687
食料品>調味料>惣菜の素,食料品,調味料,惣菜の素,1,2025-12-29T20:50:16.068764
食料品>調味料>惣菜・おつまみ,食料品,調味料,惣菜・おつまみ,1,2025-12-29T05:22:06.063405
食料品>調味料>惣菜・お弁当,食料品,調味料,惣菜・お弁当,3,2025-12-29T05:22:01.967444
食料品>調味料>惣菜・お惣菜,食料品,調味料,惣菜・お惣菜,2,2025-12-29T05:22:03.967677
食料品>調味料>惣菜・調味料,食料品,調味料,惣菜・調味料,1,2025-12-29T05:22:02.625829
食料品>調味料>惣菜・調理済食品,食料品,調味料,惣菜・調理済食品,1,2025-12-29T05:22:03.823812
食料品>調味料>料理酒,食料品,調味料,料理酒,13,2025-12-29T05:22:11.176496
食料品>調味料>油,食料品,調味料,油,1,2025-12-29T21:12:05.632819
食料品>調味料>海藻・乾物,食料品,調味料,海藻・乾物,1,2025-12-29T05:22:02.806122
食料品>調味料>漬物・惣菜,食料品,調味料,漬物・惣菜,3,2025-12-29T05:22:05.584994
食料品>調味料>炒飯の素,食料品,調味料,炒飯の素,1,2025-12-29T20:52:07.610977
食料品>調味料>焼肉のたれ,食料品,調味料,焼肉のたれ,4,2025-12-29T20:50:07.850646
食料品>調味料>甘味料,食料品,調味料,甘味料,4,2025-12-29T05:22:04.862609
食料品>調味料>生姜,食料品,調味料,生姜,4,2025-12-29T21:15:00.947423
食料品>調味料>生姜類,食料品,調味料,生姜類,0,2025-12-29T05:22:04.950271
食料品>調味料>砂糖,食料品,調味料,砂糖,13,2025-12-29T20:53:12.468041
食料品>調味料>穀物酢,食料品,調味料,穀物酢,1,2025-12-29T21:10:18.323475
食料品>調味料>糀,食料品,調味料,糀,1,2025-12-29T21:58:50.992052
食料品>調味料>肉料理キット,食料品,調味料,肉料理キット,0,2025-12-29T05:22:01.442287
食料品>調味料>菓子,食料品,調味料,菓子,1,2025-12-29T05:22:05.90246
食料品>調味料>薬味・香辛料,食料品,調味料,薬味・香辛料,3,2025-12-29T21:14:32.744737
食料品>調味料>調味料,食料品,調味料,調味料,162,2025-12-29T05:22:01.27044
食料品>調味料>調味料・香辛料,食料品,調味料,調味料・香辛料,3,2025-12-29T05:22:05.244681
食料品>調味料>調味酢・健康酢,食料品,調味料,調味酢・健康酢,1,2025-12-29T05:22:05.990535
食料品>調味料>酢,食料品,調味料,酢,8,2025-12-29T20:50:38.756928
食料品>調味料>酸味料,食料品,調味料,酸味料,1,2025-12-29T20:54:59.173963
食料品>調味料>醤油,食料品,調味料,醤油,75,2025-12-29T07:00:59.735958
食料品>調味料>釜めしの素,食料品,調味料,釜めしの素,5,2025-12-29T05:22:16.693165
食料品>調味料>食塩,食料品,調味料,食塩,0,2025-12-29T21:09:11.850016
食料品>調味料>食塩・こしょう,食料品,調味料,食塩・こしょう,1,2025-12-29T21:16:34.953981
食料品>調味料>食用油,食料品,調味料,食用油,17,2025-12-29T20:53:10.523461
食料品>調味料>食酢,食料品,調味料,食酢,0,2025-12-29T21:10:08.522923
食料品>調味料>飲料,食料品,調味料,飲料,5,2025-12-29T05:22:05.091956
食料品>調味料>香味油,食料品,調味料,香味油,1,2025-12-29T22:14:51.777
食料品>調味料>香味野菜・薬味,食料品,調味料,香味野菜・薬味,2,2025-12-29T21:15:48.153168
食料品>調味料>香味野菜・香味調味料,食料品,調味料,香味野菜・香味調味料,2,2025-12-29T21:14:36.562214
食料品>調味料>香辛料,食料品,調味料,香辛料,23,2025-12-29T20:46:39.516813
食料品>調味料>香辛料・スパイス,食料品,調味料,香辛料・スパイス,6,2025-12-29T20:51:55.743048
食料品>調味料>香辛料・ハーブ,食料品,調味料,香辛料・ハーブ,1,2025-12-29T22:07:45.654795
食料品>調味料>香辛料・薬味,食料品,調味料,香辛料・薬味,9,2025-12-29T21:14:50.095793
食料品>調味料>香辛料・調味料,食料品,調味料,香辛料・調味料,1,2025-12-29T05:22:05.68208
食料品>調味料>香辛料（スパイス）,食料品,調味料,香辛料（スパイス）,2,2025-12-29T21:15:42.165685
食料品>調味料>香辛料（チューブ・ボトル）,食料品,調味料,香辛料（チューブ・ボトル）,1,2025-12-29T21:15:10.880953
食料品>調味料>香辛料（チューブ）,食料品,調味料,香辛料（チューブ）,1,2025-12-29T21:15:06.577905
食料品>調味料>魚介加工品,食料品,調味料,魚介加工品,1,2025-12-29T05:22:05.166748
食料品>調味料>魚醤,食料品,調味料,魚醤,0,2025-12-29T20:53:04.941293
食料品>調味料>魚醤・シーズニングソース,食料品,調味料,魚醤・シーズニングソース,1,2025-12-29T21:05:59.193847
食料品>調味料>黒酢,食料品,調味料,黒酢,0,2025-12-29T05:22:04.752374
食料品>調理用ミックス・素>チャーハン・ピラフの素,食料品,調理用ミックス・素,チャーハン・ピラフの素,1,2025-12-29T20:50:46.390894
食料品>調理用食品>惣菜・調理済食品,食料品,調理用食品,惣菜・調理済食品,1,2025-12-29T20:46:21.23986
食料品>豆腐・大豆加工品>がんもどき,食料品,豆腐・大豆加工品,がんもどき,1,2025-12-29T21:12:01.902798
食料品>豆腐・大豆加工品>その他大豆加工品,食料品,豆腐・大豆加工品,その他大豆加工品,1,2025-12-29T21:18:58.734137
食料品>豆腐・大豆加工品>厚揚げ・油揚げ,食料品,豆腐・大豆加工品,厚揚げ・油揚げ,2,2025-12-29T20:59:59.389332
食料品>豆腐・大豆加工品>木綿豆腐,食料品,豆腐・大豆加工品,木綿豆腐,1,2025-12-29T21:19:09.172562
食料品>豆腐・大豆加工品>豆腐,食料品,豆腐・大豆加工品,豆腐,5,2025-12-29T20:46:08.596927
食料品>豆腐・大豆製品>その他豆腐・大豆製品,食料品,豆腐・大豆製品,その他豆腐・大豆製品,1,2025-12-29T21:06:14.811525
食料品>豆腐・大豆製品>ゆば,食料品,豆腐・大豆製品,ゆば,0,2025-12-29T20:56:05.726514
食料品>豆腐・大豆製品>木綿豆腐,食料品,豆腐・大豆製品,木綿豆腐,6,2025-12-29T21:05:11.747212
食料品>豆腐・大豆製品>木綿豆腐・絹ごし豆腐,食料品,豆腐・大豆製品,木綿豆腐・絹ごし豆腐,2,2025-12-29T21:17:45.741597
食料品>豆腐・大豆製品>油あげ,食料品,豆腐・大豆製品,油あげ,1,2025-12-29T21:11:30.225553
食料品>豆腐・大豆製品>油揚げ,食料品,豆腐・大豆製品,油揚げ,0,2025-12-29T20:58:28.005822
食料品>豆腐・大豆製品>油揚げ・がんもどき,食料品,豆腐・大豆製品,油揚げ・がんもどき,1,2025-12-29T21:06:17.018559
食料品>豆腐・大豆製品>絹ごし豆腐,食料品,豆腐・大豆製品,絹ごし豆腐,2,2025-12-29T21:05:27.40709
食料品>豆腐・大豆製品>豆腐,食料品,豆腐・大豆製品,豆腐,17,2025-12-29T20:47:12.670134
食料品>豆腐・大豆製品>豆腐・油揚げ・厚揚げ,食料品,豆腐・大豆製品,豆腐・油揚げ・厚揚げ,0,2025-12-29T20:53:20.858911
食料品>豆腐・油揚げ>木綿豆腐,食料品,豆腐・油揚げ,木綿豆腐,0,2025-12-29T21:05:23.029456
食料品>豆腐・油揚げ>油揚げ,食料品,豆腐・油揚げ,油揚げ,0,2025-12-29T20:53:22.718584
食料品>豆腐・油揚げ>豆腐,食料品,豆腐・油揚げ,豆腐,1,2025-12-29T20:52:52.577543
食料品>豆腐・納豆>豆腐,食料品,豆腐・納豆,豆腐,2,2025-12-29T20:58:57.660053
食料品>豆腐・納豆・こんにゃく>ゆば,食料品,豆腐・納豆・こんにゃく,ゆば,1,2025-12-29T20:56:02.289075
食料品>豆腐・納豆・こんにゃく>豆腐,食料品,豆腐・納豆・こんにゃく,豆腐,1,2025-12-29T21:13:28.272671
食料品>豆腐・納豆・こんにゃく>豆腐・油揚げ,食料品,豆腐・納豆・こんにゃく,豆腐・油揚げ,1,2025-12-29T21:08:58.00971
食料品>豆腐・納豆・惣菜>納豆,食料品,豆腐・納豆・惣菜,納豆,0,2025-12-29T21:03:15.294315
食料品>豆腐・納豆・惣菜>豆腐,食料品,豆腐・納豆・惣菜,豆腐,0,2025-12-29T21:04:50.534861
食料品>豆腐・納豆・惣菜>豆腐・油揚げ,食料品,豆腐・納豆・惣菜,豆腐・油揚げ,0,2025-12-29T20:55:51.43405
食料品>豆腐・納豆・漬物>油揚げ,食料品,豆腐・納豆・漬物,油揚げ,1,2025-12-29T21:11:21.333546
食料品>豆腐・納豆・漬物>納豆,食料品,豆腐・納豆・漬物,納豆,2,2025-12-29T21:16:08.09413
食料品>豆腐・納豆・漬物>豆腐,食料品,豆腐・納豆・漬物,豆腐,18,2025-12-29T20:59:07.326453
食料品>豆腐・納豆・漬物・惣菜>惣菜・お惣菜,食料品,豆腐・納豆・漬物・惣菜,惣菜・お惣菜,0,2025-12-29T20:59:57.342936
食料品>豆腐・納豆・漬物・練物>豆腐,食料品,豆腐・納豆・漬物・練物,豆腐,1,2025-12-29T21:19:10.929891
食料品>豆腐・納豆・練り物>豆腐,食料品,豆腐・納豆・練り物,豆腐,1,2025-12-29T20:56:00.190371
食料品>豆腐類>豆腐,食料品,豆腐類,豆腐,89,2025-12-29T05:00:33.214514
食料品>豆腐類>豆腐類,食料品,豆腐類,豆腐類,0,2025-12-29T05:22:13.42827
食料品>豆腐類>麻婆豆腐,食料品,豆腐類,麻婆豆腐,23,2025-12-29T05:22:13.495873
食料品>野菜>かぼちゃ,食料品,野菜,かぼちゃ,1,2025-12-29T20:46:12.8024
食料品>野菜>きのこ類,食料品,野菜,きのこ類,1,2025-12-29T22:09:40.984883
食料品>野菜>その他野菜,食料品,野菜,その他野菜,1,2025-12-29T22:08:33.291407
食料品>野菜>とうもろこし,食料品,野菜,とうもろこし,3,2025-12-29T22:08:05.921175
食料品>野菜>もやし,食料品,野菜,もやし,1,2025-12-29T21:14:41.635175
食料品>野菜>ナス,食料品,野菜,ナス,1,2025-12-29T20:54:50.8369
食料品>野菜・きのこ>きのこ加工品,食料品,野菜・きのこ,きのこ加工品,1,2025-12-29T22:08:37.269176
食料品>野菜・きのこ>きのこ類,食料品,野菜・きのこ,きのこ類,1,2025-12-29T22:08:27.127258
食料品>野菜・きのこ>とうもろこし,食料品,野菜・きのこ,とうもろこし,5,2025-12-29T22:08:48.834475
食料品>野菜・きのこ>なす,食料品,野菜・きのこ,なす,1,2025-12-29T21:07:55.957936
食料品>野菜・きのこ>もやし,食料品,野菜・きのこ,もやし,1,2025-12-29T21:01:45.796886
食料品>野菜・果物>缶詰野菜,食料品,野菜・果物,缶詰野菜,1,2025-12-29T22:08:29.175357
食料品>野菜・果物>野菜,食料品,野菜・果物,野菜,1,2025-12-29T20:46:41.495584
食料品>野菜・果物>香味野菜,食料品,野菜・果物,香味野菜,1,2025-12-29T21:14:48.199845
食料品>鍋>鍋つゆ,食料品,鍋,鍋つゆ,1,2025-12-29T20:49:43.058563
食料品>鍋つゆ>鍋つゆ,食料品,鍋つゆ,鍋つゆ,1,2025-12-29T22:03:51.055471
食料品>鍋つゆ・スープ>鍋つゆ,食料品,鍋つゆ・スープ,鍋つゆ,6,2025-12-29T22:03:35.199995
食料品>鍋スープ>トマト鍋スープ,食料品,鍋スープ,トマト鍋スープ,0,2025-12-29T21:06:46.249343
食料品>鍋・スープ>鍋つゆ,食料品,鍋・スープ,鍋つゆ,1,2025-12-29T22:03:45.248469
食料品>鍋物>おでん,食料品,鍋物,おでん,1,2025-12-29T20:49:16.674785
食料品>食品>お茶類,食料品,食品,お茶類,11,2025-12-29T05:22:10.782774
食料品>食品>オリーブオイル,食料品,食品,オリーブオイル,8,2025-12-29T05:22:09.58786
食料品>食品>オートミール,食料品,食品,オートミール,5,2025-12-29T05:22:09.866609
食料品>食品>グラノーラ,食料品,食品,グラノーラ,18,2025-12-29T05:22:09.091943
食料品>食品>ココア製品,食料品,食品,ココア製品,10,2025-12-29T05:22:08.974616
食料品>食品>シチュー,食料品,食品,シチュー,21,2025-12-29T05:22:08.836616
食料品>食品>シリアル,食料品,食品,シリアル,6,2025-12-29T05:22:09.72736
食料品>食品>シーズニング,食料品,食品,シーズニング,6,2025-12-29T05:22:10.574627
食料品>食品>ジャム,食料品,食品,ジャム,7,2025-12-29T05:22:10.264008
食料品>食品>ジャム・マーマレード,食料品,食品,ジャム・マーマレード,8,2025-12-29T05:22:09.278175
食料品>食品>スプレッド,食料品,食品,スプレッド,8,2025-12-29T05:22:10.713455
食料品>食品>スンドゥブ,食料品,食品,スンドゥブ,4,2025-12-29T05:22:10.495144
食料品>食品>スープの素,食料品,食品,スープの素,3,2025-12-29T05:22:08.763351
食料品>食品>スープ類,食料品,食品,スープ類,15,2025-12-29T05:22:10.018295
食料品>食品>ドーナツ,食料品,食品,ドーナツ,8,2025-12-29T05:22:09.662871
食料品>食品>ナッツ・飲料,食料品,食品,ナッツ・飲料,14,2025-12-29T05:22:10.856899
食料品>食品>ハンバーグ,食料品,食品,ハンバーグ,16,2025-12-29T05:22:08.696056
食料品>食品>ハーブティー,食料品,食品,ハーブティー,6,2025-12-29T05:22:11.073753
食料品>食品>パン類,食料品,食品,パン類,7,2025-12-29T05:22:09.796854
食料品>食品>ブルーベリージャム,食料品,食品,ブルーベリージャム,9,2025-12-29T05:22:09.946782
食料品>食品>ベーコン,食料品,食品,ベーコン,12,2025-12-29T05:22:09.355324
食料品>食品>マヨネーズ,食料品,食品,マヨネーズ,10,2025-12-29T05:22:09.523022
食料品>食品>ヨーグルト,食料品,食品,ヨーグルト,50,2025-12-29T05:22:08.627975
食料品>食品>ロールパン,食料品,食品,ロールパン,8,2025-12-29T05:22:10.183558
食料品>食品>冷凍食品,食料品,食品,冷凍食品,5,2025-12-29T05:22:10.346088
食料品>食品>唐辛子,食料品,食品,唐辛子,4,2025-12-29T05:22:10.646113
食料品>食品>惣菜,食料品,食品,惣菜,4,2025-12-29T05:22:10.991306
食料品>食品>機能性飲料,食料品,食品,機能性飲料,9,2025-12-29T05:22:10.922158
食料品>食品>焼き菓子,食料品,食品,焼き菓子,4,2025-12-29T05:22:10.428885
食料品>食品>砂糖類,食料品,食品,砂糖類,20,2025-12-29T05:22:08.908591
食料品>食品>調味料,食料品,食品,調味料,0,2025-12-29T05:22:09.438143
食料品>食品>食品小物,食料品,食品,食品小物,20,2025-12-29T05:22:10.095329
食料品>食用油>その他食用油,食料品,食用油,その他食用油,1,2025-12-29T20:50:34.772623
食料品>食用油>植物油,食料品,食用油,植物油,1,2025-12-29T21:59:55.826685
食料品>食肉・加工品>ソーセージ・ウィンナー,食料品,食肉・加工品,ソーセージ・ウィンナー,1,2025-12-29T22:39:10.414042
食料品>食肉・加工肉>ソーセージ・ハム,食料品,食肉・加工肉,ソーセージ・ハム,1,2025-12-29T22:39:55.963136
食料品>食肉・加工肉>ハム・ソーセージ,食料品,食肉・加工肉,ハム・ソーセージ,1,2025-12-29T22:47:03.140511
食料品>食肉・加工肉>ベーコン,食料品,食肉・加工肉,ベーコン,1,2025-12-29T22:45:33.067986
食料品>飲料>その他飲料,食料品,飲料,その他飲料,3,2025-12-29T21:10:31.16795
食料品>飲料>コーヒー,食料品,飲料,コーヒー,3,2025-12-29T22:42:55.409589
食料品>飲料>コーヒー・紅茶,食料品,飲料,コーヒー・紅茶,1,2025-12-29T22:57:13.456287
食料品>飲料>乳酸菌飲料,食料品,飲料,乳酸菌飲料,2,2025-12-29T22:14:35.505555
食料品>飲料>乳飲料,食料品,飲料,乳飲料,1,2025-12-30T01:10:03.869953
食料品>飲料>健康・機能性飲料,食料品,飲料,健康・機能性飲料,0,2025-12-29T21:10:35.033267
食料品>飲料>健康飲料,食料品,飲料,健康飲料,4,2025-12-29T21:10:27.431486
食料品>飲料>果実飲料,食料品,飲料,果実飲料,2,2025-12-29T21:23:39.844866
食料品>飲料>果汁,食料品,飲料,果汁,1,2025-12-29T21:06:27.602555
食料品>飲料>果汁飲料,食料品,飲料,果汁飲料,1,2025-12-29T20:50:50.445484
食料品>飲料>栄養・健康飲料,食料品,飲料,栄養・健康飲料,1,2025-12-29T21:23:50.798434
食料品>飲料>機能性飲料,食料品,飲料,機能性飲料,1,2025-12-29T20:52:01.833418
食料品>飲料>清涼飲料水,食料品,飲料,清涼飲料水,1,2025-12-29T20:52:30.428114
食料品>飲料>豆乳,食料品,飲料,豆乳,3,2025-12-29T22:25:10.839599
食料品>飲料>豆乳飲料,食料品,飲料,豆乳飲料,1,2025-12-29T22:38:58.531892
食料品>飲料類>飲料,食料品,飲料類,飲料,9,2025-12-29T05:22:07.264171
食料品>香辛料>その他香辛料,食料品,香辛料,その他香辛料,1,2025-12-29T20:47:45.054699
食料品>魚介・水産加工品>缶詰,食料品,魚介・水産加工品,缶詰,2,2025-12-29T22:09:57.666013
食料品>魚介加工品>かまぼこ・ちくわ,食料品,魚介加工品,かまぼこ・ちくわ,2,2025-12-29T20:57:07.8543
食料品>魚介加工品>その他魚介加工品,食料品,魚介加工品,その他魚介加工品,3,2025-12-29T21:06:53.784169
食料品>魚介加工品>ツナ缶,食料品,魚介加工品,ツナ缶,3,2025-12-29T22:08:46.903993
食料品>魚介加工品>水産缶詰,食料品,魚介加工品,水産缶詰,2,2025-12-29T22:08:39.004708
食料品>魚介加工品>練り物,食料品,魚介加工品,練り物,0,2025-12-29T20:54:43.244558
食料品>魚介加工品>練り物・すり身,食料品,魚介加工品,練り物・すり身,0,2025-12-29T20:56:55.627429
食料品>魚介加工品>魚介フレーク・缶詰,食料品,魚介加工品,魚介フレーク・缶詰,0,2025-12-29T20:53:59.628358
食料品>魚介加工品>魚介缶詰・瓶詰,食料品,魚介加工品,魚介缶詰・瓶詰,0,2025-12-29T20:54:03.85017
食料品>魚介類・加工品>その他魚介類,食料品,魚介類・加工品,その他魚介類,1,2025-12-29T22:09:26.318603
食料品>魚介類・水産加工品>かつお,食料品,魚介類・水産加工品,かつお,1,2025-12-29T22:10:16.379477
食料品>魚介類・水産加工品>水産缶詰,食料品,魚介類・水産加工品,水産缶詰,1,2025-12-29T22:10:47.288105
食料品>魚介類・水産加工品>練り物,食料品,魚介類・水産加工品,練り物,1,2025-12-29T21:10:02.666751
食料品>魚介類・水産加工品>魚介類缶詰,食料品,魚介類・水産加工品,魚介類缶詰,3,2025-12-29T22:08:01.949814
食料品>魚介類加工品>その他魚介類加工品,食料品,魚介類加工品,その他魚介類加工品,10,2025-12-29T20:56:19.629096
食料品>魚介類加工品>ツナ缶,食料品,魚介類加工品,ツナ缶,7,2025-12-29T21:06:52.393242
食料品>魚介類加工品>練り物,食料品,魚介類加工品,練り物,0,2025-12-29T20:54:05.89391
食料品>魚介類加工品>魚介乾製品,食料品,魚介類加工品,魚介乾製品,0,2025-12-29T20:56:15.886615
食料品>魚介類加工品>魚介類甘露煮,食料品,魚介類加工品,魚介類甘露煮,0,2025-12-29T20:55:53.523517
食料品>魚介類加工品>魚介類缶詰・瓶詰,食料品,魚介類加工品,魚介類缶詰・瓶詰,0,2025-12-29T20:55:45.014798
食料品>魚介類加工品>魚肉ソーセージ,食料品,魚介類加工品,魚肉ソーセージ,1,2025-12-29T21:58:55.3884
食料品>麺類>その他麺類,食料品,麺類,その他麺類,2,2025-12-29T22:01:03.758461
食料品>麺類>そば類,食料品,麺類,そば類,11,2025-12-29T04:54:16.342344
食料品>麺類>インスタントラーメン,食料品,麺類,インスタントラーメン,1,2025-12-29T20:50:36.709905
食料品>麺類>インスタント麺,食料品,麺類,インスタント麺,1,2025-12-29T22:07:41.508211
食料品>麺類>スープ類,食料品,麺類,スープ類,16,2025-12-29T05:22:14.290146
食料品>麺類>ビーフン,食料品,麺類,ビーフン,1,2025-12-29T20:50:48.6729
食料品>麺類>ラーメン,食料品,麺類,ラーメン,33,2025-12-29T05:22:14.211781
食料品>麺類>米麺,食料品,麺類,米麺,1,2025-12-29T22:02:24.318627
食料品>麺類>韓国麺,食料品,麺類,韓国麺,1,2025-12-29T20:51:49.71489
食料品>麺類・ご飯類>うどん,食料品,麺類・ご飯類,うどん,13,2025-12-29T05:22:14.506024
食料品>麺類・ご飯類>ごはんの素,食料品,麺類・ご飯類,ごはんの素,21,2025-12-29T05:22:14.579803
食料品>麺類・ご飯類>ラーメン,食料品,麺類・ご飯類,ラーメン,20,2025-12-29T05:22:14.364802
食料品>麺類・ご飯類>中華料理,食料品,麺類・ご飯類,中華料理,17,2025-12-29T05:22:14.436787
食料品>麺類・ご飯類>即席食品,食料品,麺類・ご飯類,即席食品,11,2025-12-29T05:22:14.733276
食料品>麺類・ご飯類>餃子,食料品,麺類・ご飯類,餃子,9,2025-12-29T05:22:14.643305
